Workbook

Sheet VlookUP-Product
A1: ProductID | B1: Product | C1: Price | D1: Oder Stasus
A2: 101 | B2: Product A | C2: 120 | D2: =IF(ISNA(VLOOKUP(A2,'VlookUp-Oders'!$B$1:$B$7,1,0)),"Not","Oder") -> Oder
A3: 102 | B3: Product B | C3: 150 | D3: =IF(ISNA(VLOOKUP(A3,'VlookUp-Oders'!$B$1:$B$7,1,0)),"Not","Oder") -> Oder
A4: 103 | B4: Product C | C4: 200 | D4: =IF(ISNA(VLOOKUP(A4,'VlookUp-Oders'!$B$1:$B$7,1,0)),"Not","Oder") -> Oder
A5: 104 | B5: Product D | C5: 90 | D5: =IF(ISNA(VLOOKUP(A5,'VlookUp-Oders'!$B$1:$B$7,1,0)),"Not","Oder") -> Oder
A6: 105 | B6: Product E | C6: 220 | D6: =IF(ISNA(VLOOKUP(A6,'VlookUp-Oders'!$B$1:$B$7,1,0)),"Not","Oder") -> Oder
A7: 106 | B7: Product F | C7: 130 | D7: =IF(ISNA(VLOOKUP(A7,'VlookUp-Oders'!$B$1:$B$7,1,0)),"Not","Oder") -> Oder

Sheet VlookUp-Oders
A1: OderId | B1: ProductID | C1: Quantity | D1: Product | E1: Price | F1: Totalprice | G1: Product Present/Not | H1: Discount price | O1: 1. Use VLOOKUP to find the product names for each ProductID in the Orders worksheet.
A2: 1 | B2: 101 | C2: 2 | D2: =VLOOKUP(B2,'VlookUP-Product'!$A$2:$B$7,2,0) -> Product A | E2: =VLOOKUP(B2,'VlookUP-Product'!$A$1:$C$7,3,0) -> 120 | F2: =C2*E2 -> 240 | G2: =IF(ISNA(VLOOKUP(B2,'VlookUP-Product'!A2:C7,1,0)),"Present","Not") -> Not | H2: =E2-E2*10% -> 108 | J2: Maximum Order Value | K2: =MAX(F2:F7) -> 880 | O2: 2. Use VLOOKUP to find the price for each ProductID in the Orders worksheet, then calculate the TotalPrice by multiplying the Quantity by the Product Price.
A3: 2 | B3: 103 | C3: 1 | D3: =VLOOKUP(B3,'VlookUP-Product'!$A$2:$B$7,2,0) -> Product C | E3: =VLOOKUP(B3,'VlookUP-Product'!$A$1:$C$7,3,0) -> 200 | F3: =C3*E3 -> 200 | G3: =IF(ISNA(VLOOKUP(B3,'VlookUP-Product'!A3:C8,1,0)),"Present","Not") -> Not | H3: =E3-E3*10% -> 180 | O3: 3.Use VLOOKUP to check if there are any ProductIDs in the Orders worksheet that do not exist in the Products worksheet.
A4: 3 | B4: 105 | C4: 4 | D4: =VLOOKUP(B4,'VlookUP-Product'!$A$2:$B$7,2,0) -> Product E | E4: =VLOOKUP(B4,'VlookUP-Product'!$A$1:$C$7,3,0) -> 220 | F4: =C4*E4 -> 880 | G4: =IF(ISNA(VLOOKUP(B4,'VlookUP-Product'!A4:C9,1,0)),"Present","Not") -> Not | H4: =E4-E4*10% -> 198 | O4: 4.Assume a discount of 10% is given on all products. Use VLOOKUP to find the original price and then calculate the discounted price.
A5: 4 | B5: 106 | C5: 3 | D5: =VLOOKUP(B5,'VlookUP-Product'!$A$2:$B$7,2,0) -> Product F | E5: =VLOOKUP(B5,'VlookUP-Product'!$A$1:$C$7,3,0) -> 130 | F5: =C5*E5 -> 390 | G5: =IF(ISNA(VLOOKUP(B5,'VlookUP-Product'!A5:C10,1,0)),"Present","Not") -> Not | H5: =E5-E5*10% -> 117 | O5: 5. Use VLOOKUP to find the price for each ProductID and then calculate the order value. Find the maximum order value from the list.
A6: 5 | B6: 102 | C6: 5 | D6: =VLOOKUP(B6,'VlookUP-Product'!$A$2:$B$7,2,0) -> Product B | E6: =VLOOKUP(B6,'VlookUP-Product'!$A$1:$C$7,3,0) -> 150 | F6: =C6*E6 -> 750 | G6: =IF(ISNA(VLOOKUP(B6,'VlookUP-Product'!A6:C11,1,0)),"Present","Not") -> Present | H6: =E6-E6*10% -> 135 | O6: 6. Use VLOOKUP to find out which products from the Products worksheet have not been ordered.
A7: 6 | B7: 104 | C7: 6 | D7: =VLOOKUP(B7,'VlookUP-Product'!$A$2:$B$7,2,0) -> Product D | E7: =VLOOKUP(B7,'VlookUP-Product'!$A$1:$C$7,3,0) -> 90 | F7: =C7*E7 -> 540 | G7: =IF(ISNA(VLOOKUP(B7,'VlookUP-Product'!A7:C12,1,0)),"Present","Not") -> Present | H7: =E7-E7*10% -> 81 | O7: 7. Use VLOOKUP to find the Product name and summarize the total quantity sold for each product.

Sheet HlookUp
A1: Product | B1: Jan | C1: Feb | D1: Mar | E1: Apr | F1: May | G1: Total Sales | H1: Average | I1: Max | J1: Min | O1: 1. Use HLOOKUP to find the sales for Product A in March.
A2: Product A | B2: 120 | C2: 130 | D2: 140 | E2: 150 | F2: 160 | G2: =SUM(B2:F2) -> 700 | H2: =AVERAGE(B2:F2) -> 140 | I2: =MAX(B2:F2) -> 160 | J2: =MIN(B2:F2) -> 120 | O2: 2. Use HLOOKUP to find the sales for Product D in May.
A3: Product B | B3: 150 | C3: 160 | D3: 170 | E3: 180 | F3: 190 | G3: =SUM(B3:F3) -> 850 | H3: =AVERAGE(B3:F3) -> 170 | I3: =MAX(B3:F3) -> 190 | J3: =MIN(B3:F3) -> 150 | O3: 3. Use HLOOKUP to find the sales for Product C in February.
A4: Product C | B4: 200 | C4: 210 | D4: 220 | E4: 230 | F4: 240 | G4: =SUM(B4:F4) -> 1100 | H4: =AVERAGE(B4:F4) -> 220 | I4: =MAX(B4:F4) -> 240 | J4: =MIN(B4:F4) -> 200 | O4: 4. Use HLOOKUP to find the sales for each month for a product, then calculate the total sales for that product.
A5: Product D | B5: 90 | C5: 100 | D5: 110 | E5: 120 | F5: 130 | G5: =SUM(B5:F5) -> 550 | H5: =AVERAGE(B5:F5) -> 110 | I5: =MAX(B5:F5) -> 130 | J5: =MIN(B5:F5) -> 90 | O5: 5. Use HLOOKUP to find the maximum sales value for Product B across all months.
A6: Product E | B6: 220 | C6: 230 | D6: 240 | E6: 250 | F6: 260 | G6: =SUM(B6:F6) -> 1200 | H6: =AVERAGE(B6:F6) -> 240 | I6: =MAX(B6:F6) -> 260 | J6: =MIN(B6:F6) -> 220 | O6: 6. Use HLOOKUP to find the minimum sales value for Product F across all months.
A7: Product F | B7: 130 | C7: 140 | D7: 150 | E7: 160 | F7: 170 | G7: =SUM(B7:F7) -> 750 | H7: =AVERAGE(B7:F7) -> 150 | I7: =MAX(B7:F7) -> 170 | J7: =MIN(B7:F7) -> 130
A8: Monthly Total | B8: =SUM(B2:B7) -> 910 | C8: =SUM(C2:C7) -> 970 | D8: =SUM(D2:D7) -> 1030 | E8: =SUM(E2:E7) -> 1090 | F8: =SUM(F2:F7) -> 1150 | G8: =SUM(G2:G7) -> 5150 | H8: =AVERAGE(B2:F7) -> 171.66667 | I8: =MAX(B8:F8) -> 1150 | J8: =MIN(B8:F8) -> 910
A9: 1.Ans
A10: Product | B10: Mar
A11: Product A | B11: =HLOOKUP("Mar",$A$1:$F$7,2,FALSE) -> 140
F12: 3.Ans
A13: 2.Ans | F13: Product | G13: Feb
A14: Product | B14: May | F14: Product C | G14: =HLOOKUP("Feb",$A$1:$F$7,3,FALSE) -> 160
A15: Product D | B15: =HLOOKUP("May",$A$1:$F$7,5,FALSE) -> 130
A19: 4.Ans
A20: Product | B20: Jan | C20: Total Sales
A21: Product A | B21: =HLOOKUP($B$20,$A$1:$H$8,2,0) -> 120 | C21: =HLOOKUP($C$20,$A$1:$H$8,2,0) -> 700
A22: Product B | B22: =HLOOKUP($B$20,$A$1:$H$8,3,0) -> 150 | C22: =HLOOKUP($C$20,$A$1:$H$8,3,0) -> 850
A23: Product C | B23: =HLOOKUP($B$20,$A$1:$H$8,4,0) -> 200 | C23: =HLOOKUP($C$20,$A$1:$H$8,4,0) -> 1100
A24: Product D | B24: =HLOOKUP($B$20,$A$1:$H$8,5,0) -> 90 | C24: =HLOOKUP($C$20,$A$1:$H$8,5,0) -> 550
A25: Product E | B25: =HLOOKUP($B$20,$A$1:$H$8,6,0) -> 220 | C25: =HLOOKUP($C$20,$A$1:$H$8,6,0) -> 1200
A26: Product F | B26: =HLOOKUP($B$20,$A$1:$H$8,7,0) -> 130 | C26: =HLOOKUP($C$20,$A$1:$H$8,7,0) -> 750
A27: 5.Ans
A28: Product Name | B28: Max
A29: Product B | B29: =MAX(HLOOKUP(B28,A1:J8,3,0)) -> 190
A30: 6.Ans
A31: Product Name | B31: Min
A32: Product F | B32: =MIN(HLOOKUP(B31,A1:J8,7,0)) -> 130
A33: 7.Ans
A34: Product Name | B34: Average
A35: Product E | B35: =AVERAGE(HLOOKUP(B34,A1:H8,6,0)) -> 240
