Workbook

Sheet Employees
A1: EmployeeID | B1: FirstName | C1: LastName | D1: Gender | E1: Age | F1: DepartmentID | G1: JobTitle | H1: HireDate | I1: Salary | J1: City | K1: Email | L1: Status | M1: DEPARTMENT NAME | N1: DEPARTMENT NAME USING INDEX AND MATCH | O1: DEPARTMENT NAME (Q1 - XLOOKUP) | P1: RATING (Q2) | Q1: BONUS (Q3)
A2: E0001 | B2: Amit | C2: Dutta | D2: Female | E2: 30 | F2: D01 | G2: Analyst | H2: 2019-02-21 | I2: 105257 | J2: Kolkata | K2: amit.dutta1@example.com | L2: Active | M2: =VLOOKUP(F2,Departments!$A$1:$C$6,2,0) -> HR | N2: =INDEX(Departments!$B$1:$B$6,MATCH(Employees!F2,Departments!$A$1:$A$6,0)) -> HR | O2: =INDEX(Departments!$B$2:$B$6,MATCH(Employees!F2,Departments!$A$2:$A$6,0)) -> HR | P2: =_xlfn.XLOOKUP(A2,Performance!$A$2:$A$501,Performance!$C$2:$C$501) -> 1 | Q2: =IF(P2=5,I2*0.15,IF(P2=4,I2*0.1,IF(P2=3,I2*0.07,IF(P2<3,I2*0.05,0)))) -> 5262.85
A3: E0002 | B3: Amit | C3: Roy | D3: Male | E3: 48 | F3: D03 | G3: Executive | H3: 2021-12-18 | I3: 97903 | J3: Kolkata | K3: amit.roy2@example.com | L3: Active | M3: =VLOOKUP(F3,Departments!$A$1:$C$6,2,0) -> IT | N3: =INDEX(Departments!$B$1:$B$6, MATCH(Employees!F3, Departments!$A$1:$A$6, 0)) -> IT | O3: =INDEX(Departments!$B$2:$B$6,MATCH(Employees!F3,Departments!$A$2:$A$6,0)) -> IT | P3: =INDEX(Performance!$C$2:$C$501,MATCH(Employees!A3,Performance!$A$2:$A$501,0)) -> 4 | Q3: =IF(P3=5,I3*0.15,IF(P3=4,I3*0.1,IF(P3=3,I3*0.07,IF(P3<3,I3*0.05,0)))) -> 9790.3 | T3: HIGHLIGHT THE ACTIVE EMPLOYEE RECORD
A4: E0003 | B4: Rohit | C4: Roy | D4: Male | E4: 48 | F4: D04 | G4: Coordinator | H4: 2020-07-25 | I4: 73429 | J4: Pune | K4: rohit.roy3@example.com | L4: Inactive | M4: =VLOOKUP(F4,Departments!$A$1:$C$6,2,0) -> Sales | N4: =INDEX(Departments!$B$1:$B$6, MATCH(Employees!F4, Departments!$A$1:$A$6, 0)) -> Sales | O4: =INDEX(Departments!$B$2:$B$6,MATCH(Employees!F4,Departments!$A$2:$A$6,0)) -> Sales | P4: =INDEX(Performance!$C$2:$C$501,MATCH(Employees!A4,Performance!$A$2:$A$501,0)) -> 2 | Q4: =IF(P4=5,I4*0.15,IF(P4=4,I4*0.1,IF(P4=3,I4*0.07,IF(P4<3,I4*0.05,0)))) -> 3671.45
A5: E0004 | B5: David | C5: Dutta | D5: Female | E5: 50 | F5: D05 | G5: Manager | H5: 2021-08-05 | I5: 99336 | J5: Pune | K5: david.dutta4@example.com | L5: Active | M5: =VLOOKUP(F5,Departments!$A$1:$C$6,2,0) -> Marketing | N5: =INDEX(Departments!$B$1:$B$6, MATCH(Employees!F5, Departments!$A$1:$A$6, 0)) -> Marketing | O5: =INDEX(Departments!$B$2:$B$6,MATCH(Employees!F5,Departments!$A$2:$A$6,0)) -> Marketing | P5: =INDEX(Performance!$C$2:$C$501,MATCH(Employees!A5,Performance!$A$2:$A$501,0)) -> 4 | Q5: =IF(P5=5,I5*0.15,IF(P5=4,I5*0.1,IF(P5=3,I5*0.07,IF(P5<3,I5*0.05,0)))) -> 9933.6
A6: E0005 | B6: Jane | C6: Ghosh | D6: Male | E6: 60 | F6: D01 | G6: Coordinator | H6: 2020-06-08 | I6: 105020 | J6: Pune | K6: jane.ghosh5@example.com | L6: Active | M6: =VLOOKUP(F6,Departments!$A$1:$C$6,2,0) -> HR | N6: =INDEX(Departments!$B$1:$B$6, MATCH(Employees!F6, Departments!$A$1:$A$6, 0)) -> HR | O6: =INDEX(Departments!$B$2:$B$6,MATCH(Employees!F6,Departments!$A$2:$A$6,0)) -> HR | P6: =INDEX(Performance!$C$2:$C$501,MATCH(Employees!A6,Performance!$A$2:$A$501,0)) -> 2 | Q6: =IF(P6=5,I6*0.15,IF(P6=4,I6*0.1,IF(P6=3,I6*0.07,IF(P6<3,I6*0.05,0)))) -> 5251
A7: E0006 | B7: Rahul | C7: Dutta | D7: Male | E7: 33 | F7: D02 | G7: Coordinator | H7: 2019-08-04 | I7: 93173 | J7: Pune | K7: rahul.dutta6@example.com | L7: Active | M7: =VLOOKUP(F7,Departments!$A$1:$C$6,2,0) -> Finance | N7: =INDEX(Departments!$B$1:$B$6, MATCH(Employees!F7, Departments!$A$1:$A$6, 0)) -> Finance | O7: =INDEX(Departments!$B$2:$B$6,MATCH(Employees!F7,Departments!$A$2:$A$6,0)) -> Finance | P7: =INDEX(Performance!$C$2:$C$501,MATCH(Employees!A7,Performance!$A$2:$A$501,0)) -> 3 | Q7: =IF(P7=5,I7*0.15,IF(P7=4,I7*0.1,IF(P7=3,I7*0.07,IF(P7<3,I7*0.05,0)))) -> 6522.11
A8: E0007 | B8: Sara | C8: Ghosh | D8: Male | E8: 52 | F8: D05 | G8: Analyst | H8: 2021-01-23 | I8: 106626 | J8: Pune | K8: sara.ghosh7@example.com | L8: Active | M8: =VLOOKUP(F8,Departments!$A$1:$C$6,2,0) -> Marketing | N8: =INDEX(Departments!$B$1:$B$6, MATCH(Employees!F8, Departments!$A$1:$A$6, 0)) -> Marketing | O8: =INDEX(Departments!$B$2:$B$6,MATCH(Employees!F8,Departments!$A$2:$A$6,0)) -> Marketing | P8: =INDEX(Performance!$C$2:$C$501,MATCH(Employees!A8,Performance!$A$2:$A$501,0)) -> 2 | Q8: =IF(P8=5,I8*0.15,IF(P8=4,I8*0.1,IF(P8=3,I8*0.07,IF(P8<3,I8*0.05,0)))) -> 5331.3
A9: E0008 | B9: John | C9: Dutta | D9: Female | E9: 42 | F9: D02 | G9: Manager | H9: 2020-05-27 | I9: 114547 | J9: Delhi | K9: john.dutta8@example.com | L9: Inactive | M9: =VLOOKUP(F9,Departments!$A$1:$C$6,2,0) -> Finance | N9: =INDEX(Departments!$B$1:$B$6, MATCH(Employees!F9, Departments!$A$1:$A$6, 0)) -> Finance | O9: =INDEX(Departments!$B$2:$B$6,MATCH(Employees!F9,Departments!$A$2:$A$6,0)) -> Finance | P9: =INDEX(Performance!$C$2:$C$501,MATCH(Employees!A9,Performance!$A$2:$A$501,0)) -> 1 | Q9: =IF(P9=5,I9*0.15,IF(P9=4,I9*0.1,IF(P9=3,I9*0.07,IF(P9<3,I9*0.05,0)))) -> 5727.35
A10: E0009 | B10: John | C10: Singh | D10: Female | E10: 40 | F10: D01 | G10: Coordinator | H10: 2022-04-30 | I10: 51139 | J10: Bengaluru | K10: john.singh9@example.com | L10: Inactive | M10: =VLOOKUP(F10,Departments!$A$1:$C$6,2,0) -> HR | N10: =INDEX(Departments!$B$1:$B$6, MATCH(Employees!F10, Departments!$A$1:$A$6, 0)) -> HR | O10: =INDEX(Departments!$B$2:$B$6,MATCH(Employees!F10,Departments!$A$2:$A$6,0)) -> HR | P10: =INDEX(Performance!$C$2:$C$501,MATCH(Employees!A10,Performance!$A$2:$A$501,0)) -> 4 | Q10: =IF(P10=5,I10*0.15,IF(P10=4,I10*0.1,IF(P10=3,I10*0.07,IF(P10<3,I10*0.05,0)))) -> 5113.9
A11: E0010 | B11: Amit | C11: Roy | D11: Female | E11: 25 | F11: D05 | G11: Analyst | H11: 2018-12-23 | I11: 60673 | J11: Bengaluru | K11: amit.roy10@example.com | L11: Inactive | M11: =VLOOKUP(F11,Departments!$A$1:$C$6,2,0) -> Marketing | N11: =INDEX(Departments!$B$1:$B$6, MATCH(Employees!F11, Departments!$A$1:$A$6, 0)) -> Marketing | O11: =INDEX(Departments!$B$2:$B$6,MATCH(Employees!F11,Departments!$A$2:$A$6,0)) -> Marketing | P11: =INDEX(Performance!$C$2:$C$501,MATCH(Employees!A11,Performance!$A$2:$A$501,0)) -> 5 | Q11: =IF(P11=5,I11*0.15,IF(P11=4,I11*0.1,IF(P11=3,I11*0.07,IF(P11<3,I11*0.05,0)))) -> 9100.95
A12: E0011 | B12: Anita | C12: Roy | D12: Female | E12: 25 | F12: D05 | G12: Coordinator | H12: 2021-06-09 | I12: 65690 | J12: Kolkata | K12: anita.roy11@example.com | L12: Inactive | M12: =VLOOKUP(F12,Departments!$A$1:$C$6,2,0) -> Marketing | N12: =INDEX(Departments!$B$1:$B$6, MATCH(Employees!F12, Departments!$A$1:$A$6, 0)) -> Marketing | O12: =INDEX(Departments!$B$2:$B$6,MATCH(Employees!F12,Departments!$A$2:$A$6,0)) -> Marketing | P12: =INDEX(Performance!$C$2:$C$501,MATCH(Employees!A12,Performance!$A$2:$A$501,0)) -> 3 | Q12: =IF(P12=5,I12*0.15,IF(P12=4,I12*0.1,IF(P12=3,I12*0.07,IF(P12<3,I12*0.05,0)))) -> 4598.3
A13: E0012 | B13: Rohit | C13: Ghosh | D13: Male | E13: 49 | F13: D03 | G13: Executive | H13: 2019-02-24 | I13: 63823 | J13: Bengaluru | K13: rohit.ghosh12@example.com | L13: Active | M13: =VLOOKUP(F13,Departments!$A$1:$C$6,2,0) -> IT | N13: =INDEX(Departments!$B$1:$B$6, MATCH(Employees!F13, Departments!$A$1:$A$6, 0)) -> IT | O13: =INDEX(Departments!$B$2:$B$6,MATCH(Employees!F13,Departments!$A$2:$A$6,0)) -> IT | P13: =INDEX(Performance!$C$2:$C$501,MATCH(Employees!A13,Performance!$A$2:$A$501,0)) -> 2 | Q13: =IF(P13=5,I13*0.15,IF(P13=4,I13*0.1,IF(P13=3,I13*0.07,IF(P13<3,I13*0.05,0)))) -> 3191.15
A14: E0013 | B14: Rohit | C14: Khan | D14: Female | E14: 56 | F14: D05 | G14: Analyst | H14: 2022-03-31 | I14: 49557 | J14: Mumbai | K14: rohit.khan13@example.com | L14: Inactive | M14: =VLOOKUP(F14,Departments!$A$1:$C$6,2,0) -> Marketing | N14: =INDEX(Departments!$B$1:$B$6, MATCH(Employees!F14, Departments!$A$1:$A$6, 0)) -> Marketing | O14: =INDEX(Departments!$B$2:$B$6,MATCH(Employees!F14,Departments!$A$2:$A$6,0)) -> Marketing | P14: =INDEX(Performance!$C$2:$C$501,MATCH(Employees!A14,Performance!$A$2:$A$501,0)) -> 3 | Q14: =IF(P14=5,I14*0.15,IF(P14=4,I14*0.1,IF(P14=3,I14*0.07,IF(P14<3,I14*0.05,0)))) -> 3468.99
A15: E0014 | B15: Rohit | C15: Sen | D15: Male | E15: 44 | F15: D01 | G15: Coordinator | H15: 2022-09-23 | I15: 116901 | J15: Bengaluru | K15: rohit.sen14@example.com | L15: Active | M15: =VLOOKUP(F15,Departments!$A$1:$C$6,2,0) -> HR | N15: =INDEX(Departments!$B$1:$B$6, MATCH(Employees!F15, Departments!$A$1:$A$6, 0)) -> HR | O15: =INDEX(Departments!$B$2:$B$6,MATCH(Employees!F15,Departments!$A$2:$A$6,0)) -> HR | P15: =INDEX(Performance!$C$2:$C$501,MATCH(Employees!A15,Performance!$A$2:$A$501,0)) -> 2 | Q15: =IF(P15=5,I15*0.15,IF(P15=4,I15*0.1,IF(P15=3,I15*0.07,IF(P15<3,I15*0.05,0)))) -> 5845.05
... A24: E0023 | B24: Anita | C24: Singh | D24: Male | E24: 45 | F24: D04 | G24: Executive | H24: 2021-12-22 | I24: 51414 | J24: Bengaluru | K24: anita.singh23@example.com | L24: Active | M24: =VLOOKUP(F24,Departments!$A$1:$C$6,2,0) -> Sales | N24: =INDEX(Departments!$B$1:$B$6, MATCH(Employees!F24, Departments!$A$1:$A$6, 0)) -> Sales | O24: =INDEX(Departments!$B$2:$B$6,MATCH(Employees!F24,Departments!$A$2:$A$6,0)) -> Sales | P24: =INDEX(Performance!$C$2:$C$501,MATCH(Employees!A24,Performance!$A$2:$A$501,0)) -> 3 | Q24: =IF(P24=5,I24*0.15,IF(P24=4,I24*0.1,IF(P24=3,I24*0.07,IF(P24<3,I24*0.05,0)))) -> 3598.98
A25: E0024 | B25: Jane | C25: Singh | D25: Male | E25: 35 | F25: D02 | G25: Analyst | H25: 2019-06-08 | I25: 79578 | J25: Kolkata | K25: jane.singh24@example.com | L25: Inactive | M25: =VLOOKUP(F25,Departments!$A$1:$C$6,2,0) -> Finance | N25: =INDEX(Departments!$B$1:$B$6, MATCH(Employees!F25, Departments!$A$1:$A$6, 0)) -> Finance | O25: =INDEX(Departments!$B$2:$B$6,MATCH(Employees!F25,Departments!$A$2:$A$6,0)) -> Finance | P25: =_xlfn.XLOOKUP(A25,Performance!$A$2:$A$501,Performance!$C$2:$C$501) -> 4 | Q25: =IF(P25=5,I25*0.15,IF(P25=4,I25*0.1,IF(P25=3,I25*0.07,IF(P25<3,I25*0.05,0)))) -> 7957.8
A26: E0025 | B26: Anita | C26: Sen | D26: Male | E26: 47 | F26: D03 | G26: Specialist | H26: 2021-12-07 | I26: 111899 | J26: Bengaluru | K26: anita.sen25@example.com | L26: Inactive | M26: =VLOOKUP(F26,Departments!$A$1:$C$6,2,0) -> IT | N26: =INDEX(Departments!$B$1:$B$6, MATCH(Employees!F26, Departments!$A$1:$A$6, 0)) -> IT | O26: =INDEX(Departments!$B$2:$B$6,MATCH(Employees!F26,Departments!$A$2:$A$6,0)) -> IT | P26: =INDEX(Performance!$C$2:$C$501,MATCH(Employees!A26,Performance!$A$2:$A$501,0)) -> 4 | Q26: =IF(P26=5,I26*0.15,IF(P26=4,I26*0.1,IF(P26=3,I26*0.07,IF(P26<3,I26*0.05,0)))) -> 11189.9
A27: E0026 | B27: John | C27: Dutta | D27: Male | E27: 47 | F27: D04 | G27: Executive | H27: 2023-06-24 | I27: 95862 | J27: Kolkata | K27: john.dutta26@example.com | L27: Active | M27: =VLOOKUP(F27,Departments!$A$1:$C$6,2,0) -> Sales | N27: =INDEX(Departments!$B$1:$B$6, MATCH(Employees!F27, Departments!$A$1:$A$6, 0)) -> Sales | O27: =INDEX(Departments!$B$2:$B$6,MATCH(Employees!F27,Departments!$A$2:$A$6,0)) -> Sales | P27: =INDEX(Performance!$C$2:$C$501,MATCH(Employees!A27,Performance!$A$2:$A$501,0)) -> 1 | Q27: =IF(P27=5,I27*0.15,IF(P27=4,I27*0.1,IF(P27=3,I27*0.07,IF(P27<3,I27*0.05,0)))) -> 4793.1
A28: E0027 | B28: Amit | C28: Sen | D28: Female | E28: 49 | F28: D03 | G28: Analyst | H28: 2020-10-09 | I28: 110397 | J28: Mumbai | K28: amit.sen27@example.com | L28: Inactive | M28: =VLOOKUP(F28,Departments!$A$1:$C$6,2,0) -> IT | N28: =INDEX(Departments!$B$1:$B$6, MATCH(Employees!F28, Departments!$A$1:$A$6, 0)) -> IT | O28: =INDEX(Departments!$B$2:$B$6,MATCH(Employees!F28,Departments!$A$2:$A$6,0)) -> IT | P28: =INDEX(Performance!$C$2:$C$501,MATCH(Employees!A28,Performance!$A$2:$A$501,0)) -> 1 | Q28: =IF(P28=5,I28*0.15,IF(P28=4,I28*0.1,IF(P28=3,I28*0.07,IF(P28<3,I28*0.05,0)))) -> 5519.85
A29: E0028 | B29: Jane | C29: Das | D29: Female | E29: 27 | F29: D02 | G29: Executive | H29: 2021-06-08 | I29: 111149 | J29: Mumbai | K29: jane.das28@example.com | L29: Active | M29: =VLOOKUP(F29,Departments!$A$1:$C$6,2,0) -> Finance | N29: =INDEX(Departments!$B$1:$B$6, MATCH(Employees!F29, Departments!$A$1:$A$6, 0)) -> Finance | O29: =INDEX(Departments!$B$2:$B$6,MATCH(Employees!F29,Departments!$A$2:$A$6,0)) -> Finance | P29: =INDEX(Performance!$C$2:$C$501,MATCH(Employees!A29,Performance!$A$2:$A$501,0)) -> 4 | Q29: =IF(P29=5,I29*0.15,IF(P29=4,I29*0.1,IF(P29=3,I29*0.07,IF(P29<3,I29*0.05,0)))) -> 11114.9
A30: E0029 | B30: Sara | C30: Khan | D30: Male | E30: 36 | F30: D04 | G30: Analyst | H30: 2022-02-08 | I30: 67035 | J30: Mumbai | K30: sara.khan29@example.com | L30: Inactive | M30: =VLOOKUP(F30,Departments!$A$1:$C$6,2,0) -> Sales | N30: =INDEX(Departments!$B$1:$B$6, MATCH(Employees!F30, Departments!$A$1:$A$6, 0)) -> Sales | O30: =INDEX(Departments!$B$2:$B$6,MATCH(Employees!F30,Departments!$A$2:$A$6,0)) -> Sales | P30: =INDEX(Performance!$C$2:$C$501,MATCH(Employees!A30,Performance!$A$2:$A$501,0)) -> 5 | Q30: =IF(P30=5,I30*0.15,IF(P30=4,I30*0.1,IF(P30=3,I30*0.07,IF(P30<3,I30*0.05,0)))) -> 10055.25
A31: E0030 | B31: David | C31: Dutta | D31: Male | E31: 41 | F31: D03 | G31: Analyst | H31: 2021-05-20 | I31: 103851 | J31: Pune | K31: david.dutta30@example.com | L31: Inactive | M31: =VLOOKUP(F31,Departments!$A$1:$C$6,2,0) -> IT | N31: =INDEX(Departments!$B$1:$B$6, MATCH(Employees!F31, Departments!$A$1:$A$6, 0)) -> IT | O31: =INDEX(Departments!$B$2:$B$6,MATCH(Employees!F31,Departments!$A$2:$A$6,0)) -> IT | P31: =INDEX(Performance!$C$2:$C$501,MATCH(Employees!A31,Performance!$A$2:$A$501,0)) -> 2 | Q31: =IF(P31=5,I31*0.15,IF(P31=4,I31*0.1,IF(P31=3,I31*0.07,IF(P31<3,I31*0.05,0)))) -> 5192.55
A32: E0031 | B32: Amit | C32: Ghosh | D32: Female | E32: 26 | F32: D05 | G32: Specialist | H32: 2019-08-08 | I32: 63676 | J32: Kolkata | K32: amit.ghosh31@example.com | L32: Inactive | M32: =VLOOKUP(F32,Departments!$A$1:$C$6,2,0) -> Marketing | N32: =INDEX(Departments!$B$1:$B$6, MATCH(Employees!F32, Departments!$A$1:$A$6, 0)) -> Marketing | O32: =INDEX(Departments!$B$2:$B$6,MATCH(Employees!F32,Departments!$A$2:$A$6,0)) -> Marketing | P32: =INDEX(Performance!$C$2:$C$501,MATCH(Employees!A32,Performance!$A$2:$A$501,0)) -> 1 | Q32: =IF(P32=5,I32*0.15,IF(P32=4,I32*0.1,IF(P32=3,I32*0.07,IF(P32<3,I32*0.05,0)))) -> 3183.8
A33: E0032 | B33: Neha | C33: Smith | D33: Female | E33: 31 | F33: D01 | G33: Manager | H33: 2019-11-15 | I33: 115269 | J33: Mumbai | K33: neha.smith32@example.com | L33: Inactive | M33: =VLOOKUP(F33,Departments!$A$1:$C$6,2,0) -> HR | N33: =INDEX(Departments!$B$1:$B$6, MATCH(Employees!F33, Departments!$A$1:$A$6, 0)) -> HR | O33: =INDEX(Departments!$B$2:$B$6,MATCH(Employees!F33,Departments!$A$2:$A$6,0)) -> HR | P33: =INDEX(Performance!$C$2:$C$501,MATCH(Employees!A33,Performance!$A$2:$A$501,0)) -> 4 | Q33: =IF(P33=5,I33*0.15,IF(P33=4,I33*0.1,IF(P33=3,I33*0.07,IF(P33<3,I33*0.05,0)))) -> 11526.9
A34: E0033 | B34: Neha | C34: Singh | D34: Male | E34: 47 | F34: D04 | G34: Analyst | H34: 2019-06-18 | I34: 77203 | J34: Pune | K34: neha.singh33@example.com | L34: Active | M34: =VLOOKUP(F34,Departments!$A$1:$C$6,2,0) -> Sales | N34: =INDEX(Departments!$B$1:$B$6, MATCH(Employees!F34, Departments!$A$1:$A$6, 0)) -> Sales | O34: =INDEX(Departments!$B$2:$B$6,MATCH(Employees!F34,Departments!$A$2:$A$6,0)) -> Sales | P34: =INDEX(Performance!$C$2:$C$501,MATCH(Employees!A34,Performance!$A$2:$A$501,0)) -> 5 | Q34: =IF(P34=5,I34*0.15,IF(P34=4,I34*0.1,IF(P34=3,I34*0.07,IF(P34<3,I34*0.05,0)))) -> 11580.45
A35: E0034 | B35: John | C35: Sen | D35: Male | E35: 57 | F35: D01 | G35: Specialist | H35: 2024-03-15 | I35: 113291 | J35: Mumbai | K35: john.sen34@example.com | L35: Inactive | M35: =VLOOKUP(F35,Departments!$A$1:$C$6,2,0) -> HR | N35: =INDEX(Departments!$B$1:$B$6, MATCH(Employees!F35, Departments!$A$1:$A$6, 0)) -> HR | O35: =INDEX(Departments!$B$2:$B$6,MATCH(Employees!F35,Departments!$A$2:$A$6,0)) -> HR | P35: =INDEX(Performance!$C$2:$C$501,MATCH(Employees!A35,Performance!$A$2:$A$501,0)) -> 1 | Q35: =IF(P35=5,I35*0.15,IF(P35=4,I35*0.1,IF(P35=3,I35*0.07,IF(P35<3,I35*0.05,0)))) -> 5664.55
A36: E0035 | B36: David | C36: Khan | D36: Female | E36: 45 | F36: D01 | G36: Analyst | H36: 2021-11-25 | I36: 93729 | J36: Mumbai | K36: david.khan35@example.com | L36: Inactive | M36: =VLOOKUP(F36,Departments!$A$1:$C$6,2,0) -> HR | N36: =INDEX(Departments!$B$1:$B$6, MATCH(Employees!F36, Departments!$A$1:$A$6, 0)) -> HR | O36: =INDEX(Departments!$B$2:$B$6,MATCH(Employees!F36,Departments!$A$2:$A$6,0)) -> HR | P36: =INDEX(Performance!$C$2:$C$501,MATCH(Employees!A36,Performance!$A$2:$A$501,0)) -> 5 | Q36: =IF(P36=5,I36*0.15,IF(P36=4,I36*0.1,IF(P36=3,I36*0.07,IF(P36<3,I36*0.05,0)))) -> 14059.35
A37: E0036 | B37: Rohit | C37: Ghosh | D37: Male | E37: 40 | F37: D05 | G37: Specialist | H37: 2018-06-15 | I37: 35947 | J37: Bengaluru | K37: rohit.ghosh36@example.com | L37: Inactive | M37: =VLOOKUP(F37,Departments!$A$1:$C$6,2,0) -> Marketing | N37: =INDEX(Departments!$B$1:$B$6, MATCH(Employees!F37, Departments!$A$1:$A$6, 0)) -> Marketing | O37: =INDEX(Departments!$B$2:$B$6,MATCH(Employees!F37,Departments!$A$2:$A$6,0)) -> Marketing | P37: =INDEX(Performance!$C$2:$C$501,MATCH(Employees!A37,Performance!$A$2:$A$501,0)) -> 1 | Q37: =IF(P37=5,I37*0.15,IF(P37=4,I37*0.1,IF(P37=3,I37*0.07,IF(P37<3,I37*0.05,0)))) -> 1797.35
... A107: E0106 | B107: Neha | C107: Ghosh | D107: Male | E107: 27 | F107: D02 | G107: Analyst | H107: 2023-02-21 | I107: 52495 | J107: Bengaluru | K107: neha.ghosh106@example.com | L107: Active | M107: =VLOOKUP(F107,Departments!$A$1:$C$6,2,0) -> Finance | N107: =INDEX(Departments!$B$1:$B$6, MATCH(Employees!F107, Departments!$A$1:$A$6, 0)) -> Finance | O107: =INDEX(Departments!$B$2:$B$6,MATCH(Employees!F107,Departments!$A$2:$A$6,0)) -> Finance | P107: =INDEX(Performance!$C$2:$C$501,MATCH(Employees!A107,Performance!$A$2:$A$501,0)) -> 5 | Q107: =IF(P107=5,I107*0.15,IF(P107=4,I107*0.1,IF(P107=3,I107*0.07,IF(P107<3,I107*0.05,0)))) -> 7874.25
A108: E0107 | B108: Neha | C108: Singh | D108: Male | E108: 27 | F108: D04 | G108: Analyst | H108: 2019-04-27 | I108: 90958 | J108: Kolkata | K108: neha.singh107@example.com | L108: Inactive | M108: =VLOOKUP(F108,Departments!$A$1:$C$6,2,0) -> Sales | N108: =INDEX(Departments!$B$1:$B$6, MATCH(Employees!F108, Departments!$A$1:$A$6, 0)) -> Sales | O108: =INDEX(Departments!$B$2:$B$6,MATCH(Employees!F108,Departments!$A$2:$A$6,0)) -> Sales | P108: =_xlfn.XLOOKUP(A108,Performance!$A$2:$A$501,Performance!$C$2:$C$501) -> 1 | Q108: =IF(P108=5,I108*0.15,IF(P108=4,I108*0.1,IF(P108=3,I108*0.07,IF(P108<3,I108*0.05,0)))) -> 4547.9
A109: E0108 | B109: Neha | C109: Sen | D109: Female | E109: 58 | F109: D05 | G109: Manager | H109: 2018-08-15 | I109: 51096 | J109: Kolkata | K109: neha.sen108@example.com | L109: Inactive | M109: =VLOOKUP(F109,Departments!$A$1:$C$6,2,0) -> Marketing | N109: =INDEX(Departments!$B$1:$B$6, MATCH(Employees!F109, Departments!$A$1:$A$6, 0)) -> Marketing | O109: =INDEX(Departments!$B$2:$B$6,MATCH(Employees!F109,Departments!$A$2:$A$6,0)) -> Marketing | P109: =INDEX(Performance!$C$2:$C$501,MATCH(Employees!A109,Performance!$A$2:$A$501,0)) -> 1 | Q109: =IF(P109=5,I109*0.15,IF(P109=4,I109*0.1,IF(P109=3,I109*0.07,IF(P109<3,I109*0.05,0)))) -> 2554.8
A110: E0109 | B110: John | C110: Smith | D110: Female | E110: 58 | F110: D02 | G110: Specialist | H110: 2019-02-22 | I110: 90458 | J110: Kolkata | K110: john.smith109@example.com | L110: Active | M110: =VLOOKUP(F110,Departments!$A$1:$C$6,2,0) -> Finance | N110: =INDEX(Departments!$B$1:$B$6, MATCH(Employees!F110, Departments!$A$1:$A$6, 0)) -> Finance | O110: =INDEX(Departments!$B$2:$B$6,MATCH(Employees!F110,Departments!$A$2:$A$6,0)) -> Finance | P110: =INDEX(Performance!$C$2:$C$501,MATCH(Employees!A110,Performance!$A$2:$A$501,0)) -> 3 | Q110: =IF(P110=5,I110*0.15,IF(P110=4,I110*0.1,IF(P110=3,I110*0.07,IF(P110<3,I110*0.05,0)))) -> 6332.06
A111: E0110 | B111: Neha | C111: Das | D111: Male | E111: 39 | F111: D04 | G111: Analyst | H111: 2019-03-13 | I111: 67338 | J111: Pune | K111: neha.das110@example.com | L111: Inactive | M111: =VLOOKUP(F111,Departments!$A$1:$C$6,2,0) -> Sales | N111: =INDEX(Departments!$B$1:$B$6, MATCH(Employees!F111, Departments!$A$1:$A$6, 0)) -> Sales | O111: =INDEX(Departments!$B$2:$B$6,MATCH(Employees!F111,Departments!$A$2:$A$6,0)) -> Sales | P111: =INDEX(Performance!$C$2:$C$501,MATCH(Employees!A111,Performance!$A$2:$A$501,0)) -> 4 | Q111: =IF(P111=5,I111*0.15,IF(P111=4,I111*0.1,IF(P111=3,I111*0.07,IF(P111<3,I111*0.05,0)))) -> 6733.8
A112: E0111 | B112: Amit | C112: Dutta | D112: Female | E112: 40 | F112: D03 | G112: Manager | H112: 2021-10-01 | I112: 106100 | J112: Pune | K112: amit.dutta111@example.com | L112: Inactive | M112: =VLOOKUP(F112,Departments!$A$1:$C$6,2,0) -> IT | N112: =INDEX(Departments!$B$1:$B$6, MATCH(Employees!F112, Departments!$A$1:$A$6, 0)) -> IT | O112: =INDEX(Departments!$B$2:$B$6,MATCH(Employees!F112,Departments!$A$2:$A$6,0)) -> IT | P112: =INDEX(Performance!$C$2:$C$501,MATCH(Employees!A112,Performance!$A$2:$A$501,0)) -> 5 | Q112: =IF(P112=5,I112*0.15,IF(P112=4,I112*0.1,IF(P112=3,I112*0.07,IF(P112<3,I112*0.05,0)))) -> 15915
A113: E0112 | B113: Amit | C113: Khan | D113: Male | E113: 45 | F113: D01 | G113: Analyst | H113: 2021-10-28 | I113: 62840 | J113: Delhi | K113: amit.khan112@example.com | L113: Inactive | M113: =VLOOKUP(F113,Departments!$A$1:$C$6,2,0) -> HR | N113: =INDEX(Departments!$B$1:$B$6, MATCH(Employees!F113, Departments!$A$1:$A$6, 0)) -> HR | O113: =INDEX(Departments!$B$2:$B$6,MATCH(Employees!F113,Departments!$A$2:$A$6,0)) -> HR | P113: =INDEX(Performance!$C$2:$C$501,MATCH(Employees!A113,Performance!$A$2:$A$501,0)) -> 2 | Q113: =IF(P113=5,I113*0.15,IF(P113=4,I113*0.1,IF(P113=3,I113*0.07,IF(P113<3,I113*0.05,0)))) -> 3142
A114: E0113 | B114: Anita | C114: Das | D114: Male | E114: 48 | F114: D01 | G114: Coordinator | H114: 2018-06-23 | I114: 69569 | J114: Pune | K114: anita.das113@example.com | L114: Inactive | M114: =VLOOKUP(F114,Departments!$A$1:$C$6,2,0) -> HR | N114: =INDEX(Departments!$B$1:$B$6, MATCH(Employees!F114, Departments!$A$1:$A$6, 0)) -> HR | O114: =INDEX(Departments!$B$2:$B$6,MATCH(Employees!F114,Departments!$A$2:$A$6,0)) -> HR | P114: =INDEX(Performance!$C$2:$C$501,MATCH(Employees!A114,Performance!$A$2:$A$501,0)) -> 5 | Q114: =IF(P114=5,I114*0.15,IF(P114=4,I114*0.1,IF(P114=3,I114*0.07,IF(P114<3,I114*0.05,0)))) -> 10435.35
A115: E0114 | B115: David | C115: Smith | D115: Female | E115: 23 | F115: D04 | G115: Analyst | H115: 2024-07-09 | I115: 109099 | J115: Mumbai | K115: david.smith114@example.com | L115: Active | M115: =VLOOKUP(F115,Departments!$A$1:$C$6,2,0) -> Sales | N115: =INDEX(Departments!$B$1:$B$6, MATCH(Employees!F115, Departments!$A$1:$A$6, 0)) -> Sales | O115: =INDEX(Departments!$B$2:$B$6,MATCH(Employees!F115,Departments!$A$2:$A$6,0)) -> Sales | P115: =INDEX(Performance!$C$2:$C$501,MATCH(Employees!A115,Performance!$A$2:$A$501,0)) -> 3 | Q115: =IF(P115=5,I115*0.15,IF(P115=4,I115*0.1,IF(P115=3,I115*0.07,IF(P115<3,I115*0.05,0)))) -> 7636.93
A116: E0115 | B116: Sara | C116: Roy | D116: Female | E116: 30 | F116: D03 | G116: Manager | H116: 2022-01-27 | I116: 74368 | J116: Delhi | K116: sara.roy115@example.com | L116: Inactive | M116: =VLOOKUP(F116,Departments!$A$1:$C$6,2,0) -> IT | N116: =INDEX(Departments!$B$1:$B$6, MATCH(Employees!F116, Departments!$A$1:$A$6, 0)) -> IT | O116: =INDEX(Departments!$B$2:$B$6,MATCH(Employees!F116,Departments!$A$2:$A$6,0)) -> IT | P116: =INDEX(Performance!$C$2:$C$501,MATCH(Employees!A116,Performance!$A$2:$A$501,0)) -> 1 | Q116: =IF(P116=5,I116*0.15,IF(P116=4,I116*0.1,IF(P116=3,I116*0.07,IF(P116<3,I116*0.05,0)))) -> 3718.4
A117: E0116 | B117: Rohit | C117: Das | D117: Male | E117: 58 | F117: D05 | G117: Coordinator | H117: 2021-03-04 | I117: 111621 | J117: Delhi | K117: rohit.das116@example.com | L117: Active | M117: =VLOOKUP(F117,Departments!$A$1:$C$6,2,0) -> Marketing | N117: =INDEX(Departments!$B$1:$B$6, MATCH(Employees!F117, Departments!$A$1:$A$6, 0)) -> Marketing | O117: =INDEX(Departments!$B$2:$B$6,MATCH(Employees!F117,Departments!$A$2:$A$6,0)) -> Marketing | P117: =INDEX(Performance!$C$2:$C$501,MATCH(Employees!A117,Performance!$A$2:$A$501,0)) -> 5 | Q117: =IF(P117=5,I117*0.15,IF(P117=4,I117*0.1,IF(P117=3,I117*0.07,IF(P117<3,I117*0.05,0)))) -> 16743.15
A118: E0117 | B118: Neha | C118: Sen | D118: Female | E118: 32 | F118: D02 | G118: Coordinator | H118: 2021-11-16 | I118: 82446 | J118: Bengaluru | K118: neha.sen117@example.com | L118: Active | M118: =VLOOKUP(F118,Departments!$A$1:$C$6,2,0) -> Finance | N118: =INDEX(Departments!$B$1:$B$6, MATCH(Employees!F118, Departments!$A$1:$A$6, 0)) -> Finance | O118: =INDEX(Departments!$B$2:$B$6,MATCH(Employees!F118,Departments!$A$2:$A$6,0)) -> Finance | P118: =INDEX(Performance!$C$2:$C$501,MATCH(Employees!A118,Performance!$A$2:$A$501,0)) -> 1 | Q118: =IF(P118=5,I118*0.15,IF(P118=4,I118*0.1,IF(P118=3,I118*0.07,IF(P118<3,I118*0.05,0)))) -> 4122.3
A119: E0118 | B119: Neha | C119: Khan | D119: Male | E119: 24 | F119: D04 | G119: Analyst | H119: 2022-07-04 | I119: 99200 | J119: Kolkata | K119: neha.khan118@example.com | L119: Inactive | M119: =VLOOKUP(F119,Departments!$A$1:$C$6,2,0) -> Sales | N119: =INDEX(Departments!$B$1:$B$6, MATCH(Employees!F119, Departments!$A$1:$A$6, 0)) -> Sales | O119: =INDEX(Departments!$B$2:$B$6,MATCH(Employees!F119,Departments!$A$2:$A$6,0)) -> Sales | P119: =_xlfn.XLOOKUP(A119,Performance!$A$2:$A$501,Performance!$C$2:$C$501) -> 5 | Q119: =IF(P119=5,I119*0.15,IF(P119=4,I119*0.1,IF(P119=3,I119*0.07,IF(P119<3,I119*0.05,0)))) -> 14880
A120: E0119 | B120: Jane | C120: Smith | D120: Male | E120: 36 | F120: D02 | G120: Executive | H120: 2022-03-08 | I120: 56294 | J120: Delhi | K120: jane.smith119@example.com | L120: Inactive | M120: =VLOOKUP(F120,Departments!$A$1:$C$6,2,0) -> Finance | N120: =INDEX(Departments!$B$1:$B$6, MATCH(Employees!F120, Departments!$A$1:$A$6, 0)) -> Finance | O120: =INDEX(Departments!$B$2:$B$6,MATCH(Employees!F120,Departments!$A$2:$A$6,0)) -> Finance | P120: =INDEX(Performance!$C$2:$C$501,MATCH(Employees!A120,Performance!$A$2:$A$501,0)) -> 2 | Q120: =IF(P120=5,I120*0.15,IF(P120=4,I120*0.1,IF(P120=3,I120*0.07,IF(P120<3,I120*0.05,0)))) -> 2814.7
A121: E0120 | B121: Jane | C121: Brown | D121: Female | E121: 32 | F121: D02 | G121: Manager | H121: 2022-03-18 | I121: 112759 | J121: Mumbai | K121: jane.brown120@example.com | L121: Inactive | M121: =VLOOKUP(F121,Departments!$A$1:$C$6,2,0) -> Finance | N121: =INDEX(Departments!$B$1:$B$6, MATCH(Employees!F121, Departments!$A$1:$A$6, 0)) -> Finance | O121: =INDEX(Departments!$B$2:$B$6,MATCH(Employees!F121,Departments!$A$2:$A$6,0)) -> Finance | P121: =INDEX(Performance!$C$2:$C$501,MATCH(Employees!A121,Performance!$A$2:$A$501,0)) -> 2 | Q121: =IF(P121=5,I121*0.15,IF(P121=4,I121*0.1,IF(P121=3,I121*0.07,IF(P121<3,I121*0.05,0)))) -> 5637.95
A122: E0121 | B122: Priya | C122: Ghosh | D122: Female | E122: 47 | F122: D03 | G122: Manager | H122: 2021-10-29 | I122: 70479 | J122: Pune | K122: priya.ghosh121@example.com | L122: Active | M122: =VLOOKUP(F122,Departments!$A$1:$C$6,2,0) -> IT | N122: =INDEX(Departments!$B$1:$B$6, MATCH(Employees!F122, Departments!$A$1:$A$6, 0)) -> IT | O122: =INDEX(Departments!$B$2:$B$6,MATCH(Employees!F122,Departments!$A$2:$A$6,0)) -> IT | P122: =INDEX(Performance!$C$2:$C$501,MATCH(Employees!A122,Performance!$A$2:$A$501,0)) -> 1 | Q122: =IF(P122=5,I122*0.15,IF(P122=4,I122*0.1,IF(P122=3,I122*0.07,IF(P122<3,I122*0.05,0)))) -> 3523.95
A123: E0122 | B123: Jane | C123: Singh | D123: Female | E123: 42 | F123: D01 | G123: Executive | H123: 2024-05-02 | I123: 52630 | J123: Delhi | K123: jane.singh122@example.com | L123: Active | M123: =VLOOKUP(F123,Departments!$A$1:$C$6,2,0) -> HR | N123: =INDEX(Departments!$B$1:$B$6, MATCH(Employees!F123, Departments!$A$1:$A$6, 0)) -> HR | O123: =INDEX(Departments!$B$2:$B$6,MATCH(Employees!F123,Departments!$A$2:$A$6,0)) -> HR | P123: =INDEX(Performance!$C$2:$C$501,MATCH(Employees!A123,Performance!$A$2:$A$501,0)) -> 5 | Q123: =IF(P123=5,I123*0.15,IF(P123=4,I123*0.1,IF(P123=3,I123*0.07,IF(P123<3,I123*0.05,0)))) -> 7894.5
A124: E0123 | B124: Jane | C124: Das | D124: Male | E124: 27 | F124: D04 | G124: Coordinator | H124: 2018-01-25 | I124: 78119 | J124: Delhi | K124: jane.das123@example.com | L124: Active | M124: =VLOOKUP(F124,Departments!$A$1:$C$6,2,0) -> Sales | N124: =INDEX(Departments!$B$1:$B$6, MATCH(Employees!F124, Departments!$A$1:$A$6, 0)) -> Sales | O124: =INDEX(Departments!$B$2:$B$6,MATCH(Employees!F124,Departments!$A$2:$A$6,0)) -> Sales | P124: =INDEX(Performance!$C$2:$C$501,MATCH(Employees!A124,Performance!$A$2:$A$501,0)) -> 4 | Q124: =IF(P124=5,I124*0.15,IF(P124=4,I124*0.1,IF(P124=3,I124*0.07,IF(P124<3,I124*0.05,0)))) -> 7811.9
A125: E0124 | B125: Jane | C125: Khan | D125: Female | E125: 41 | F125: D03 | G125: Coordinator | H125: 2019-12-21 | I125: 77100 | J125: Kolkata | K125: jane.khan124@example.com | L125: Active | M125: =VLOOKUP(F125,Departments!$A$1:$C$6,2,0) -> IT | N125: =INDEX(Departments!$B$1:$B$6, MATCH(Employees!F125, Departments!$A$1:$A$6, 0)) -> IT | O125: =INDEX(Departments!$B$2:$B$6,MATCH(Employees!F125,Departments!$A$2:$A$6,0)) -> IT | P125: =INDEX(Performance!$C$2:$C$501,MATCH(Employees!A125,Performance!$A$2:$A$501,0)) -> 4 | Q125: =IF(P125=5,I125*0.15,IF(P125=4,I125*0.1,IF(P125=3,I125*0.07,IF(P125<3,I125*0.05,0)))) -> 7710
A126: E0125 | B126: David | C126: Singh | D126: Female | E126: 58 | F126: D04 | G126: Manager | H126: 2019-10-27 | I126: 48296 | J126: Bengaluru | K126: david.singh125@example.com | L126: Inactive | M126: =VLOOKUP(F126,Departments!$A$1:$C$6,2,0) -> Sales | N126: =INDEX(Departments!$B$1:$B$6, MATCH(Employees!F126, Departments!$A$1:$A$6, 0)) -> Sales | O126: =INDEX(Departments!$B$2:$B$6,MATCH(Employees!F126,Departments!$A$2:$A$6,0)) -> Sales | P126: =INDEX(Performance!$C$2:$C$501,MATCH(Employees!A126,Performance!$A$2:$A$501,0)) -> 4 | Q126: =IF(P126=5,I126*0.15,IF(P126=4,I126*0.1,IF(P126=3,I126*0.07,IF(P126<3,I126*0.05,0)))) -> 4829.6
A127: E0126 | B127: Sara | C127: Brown | D127: Male | E127: 46 | F127: D02 | G127: Executive | H127: 2018-07-20 | I127: 69026 | J127: Pune | K127: sara.brown126@example.com | L127: Active | M127: =VLOOKUP(F127,Departments!$A$1:$C$6,2,0) -> Finance | N127: =INDEX(Departments!$B$1:$B$6, MATCH(Employees!F127, Departments!$A$1:$A$6, 0)) -> Finance | O127: =INDEX(Departments!$B$2:$B$6,MATCH(Employees!F127,Departments!$A$2:$A$6,0)) -> Finance | P127: =INDEX(Performance!$C$2:$C$501,MATCH(Employees!A127,Performance!$A$2:$A$501,0)) -> 2 | Q127: =IF(P127=5,I127*0.15,IF(P127=4,I127*0.1,IF(P127=3,I127*0.07,IF(P127<3,I127*0.05,0)))) -> 3451.3
A128: E0127 | B128: John | C128: Roy | D128: Female | E128: 29 | F128: D03 | G128: Executive | H128: 2024-07-05 | I128: 97080 | J128: Mumbai | K128: john.roy127@example.com | L128: Active | M128: =VLOOKUP(F128,Departments!$A$1:$C$6,2,0) -> IT | N128: =INDEX(Departments!$B$1:$B$6, MATCH(Employees!F128, Departments!$A$1:$A$6, 0)) -> IT | O128: =INDEX(Departments!$B$2:$B$6,MATCH(Employees!F128,Departments!$A$2:$A$6,0)) -> IT | P128: =INDEX(Performance!$C$2:$C$501,MATCH(Employees!A128,Performance!$A$2:$A$501,0)) -> 5 | Q128: =IF(P128=5,I128*0.15,IF(P128=4,I128*0.1,IF(P128=3,I128*0.07,IF(P128<3,I128*0.05,0)))) -> 14562
A129: E0128 | B129: Anita | C129: Das | D129: Male | E129: 26 | F129: D03 | G129: Coordinator | H129: 2024-05-01 | I129: 71436 | J129: Pune | K129: anita.das128@example.com | L129: Inactive | M129: =VLOOKUP(F129,Departments!$A$1:$C$6,2,0) -> IT | N129: =INDEX(Departments!$B$1:$B$6, MATCH(Employees!F129, Departments!$A$1:$A$6, 0)) -> IT | O129: =INDEX(Departments!$B$2:$B$6,MATCH(Employees!F129,Departments!$A$2:$A$6,0)) -> IT | P129: =INDEX(Performance!$C$2:$C$501,MATCH(Employees!A129,Performance!$A$2:$A$501,0)) -> 1 | Q129: =IF(P129=5,I129*0.15,IF(P129=4,I129*0.1,IF(P129=3,I129*0.07,IF(P129<3,I129*0.05,0)))) -> 3571.8
A130: E0129 | B130: Priya | C130: Singh | D130: Male | E130: 44 | F130: D01 | G130: Coordinator | H130: 2022-12-02 | I130: 87790 | J130: Mumbai | K130: priya.singh129@example.com | L130: Active | M130: =VLOOKUP(F130,Departments!$A$1:$C$6,2,0) -> HR | N130: =INDEX(Departments!$B$1:$B$6, MATCH(Employees!F130, Departments!$A$1:$A$6, 0)) -> HR | O130: =INDEX(Departments!$B$2:$B$6,MATCH(Employees!F130,Departments!$A$2:$A$6,0)) -> HR | P130: =INDEX(Performance!$C$2:$C$501,MATCH(Employees!A130,Performance!$A$2:$A$501,0)) -> 5 | Q130: =IF(P130=5,I130*0.15,IF(P130=4,I130*0.1,IF(P130=3,I130*0.07,IF(P130<3,I130*0.05,0)))) -> 13168.5
A131: E0130 | B131: Sara | C131: Singh | D131: Male | E131: 59 | F131: D01 | G131: Specialist | H131: 2021-03-29 | I131: 119530 | J131: Mumbai | K131: sara.singh130@example.com | L131: Active | M131: =VLOOKUP(F131,Departments!$A$1:$C$6,2,0) -> HR | N131: =INDEX(Departments!$B$1:$B$6, MATCH(Employees!F131, Departments!$A$1:$A$6, 0)) -> HR | O131: =INDEX(Departments!$B$2:$B$6,MATCH(Employees!F131,Departments!$A$2:$A$6,0)) -> HR | P131: =INDEX(Performance!$C$2:$C$501,MATCH(Employees!A131,Performance!$A$2:$A$501,0)) -> 1 | Q131: =IF(P131=5,I131*0.15,IF(P131=4,I131*0.1,IF(P131=3,I131*0.07,IF(P131<3,I131*0.05,0)))) -> 5976.5
... A167: E0166 | B167: Sara | C167: Paul | D167: Female | E167: 50 | F167: D01 | G167: Executive | H167: 2020-04-30 | I167: 116611 | J167: Bengaluru | K167: sara.paul166@example.com | L167: Inactive | M167: =VLOOKUP(F167,Departments!$A$1:$C$6,2,0) -> HR | N167: =INDEX(Departments!$B$1:$B$6, MATCH(Employees!F167, Departments!$A$1:$A$6, 0)) -> HR | O167: =INDEX(Departments!$B$2:$B$6,MATCH(Employees!F167,Departments!$A$2:$A$6,0)) -> HR | P167: =INDEX(Performance!$C$2:$C$501,MATCH(Employees!A167,Performance!$A$2:$A$501,0)) -> 2 | Q167: =IF(P167=5,I167*0.15,IF(P167=4,I167*0.1,IF(P167=3,I167*0.07,IF(P167<3,I167*0.05,0)))) -> 5830.55
A168: E0167 | B168: David | C168: Khan | D168: Male | E168: 41 | F168: D05 | G168: Analyst | H168: 2018-11-21 | I168: 45748 | J168: Kolkata | K168: david.khan167@example.com | L168: Inactive | M168: =VLOOKUP(F168,Departments!$A$1:$C$6,2,0) -> Marketing | N168: =INDEX(Departments!$B$1:$B$6, MATCH(Employees!F168, Departments!$A$1:$A$6, 0)) -> Marketing | O168: =INDEX(Departments!$B$2:$B$6,MATCH(Employees!F168,Departments!$A$2:$A$6,0)) -> Marketing | P168: =_xlfn.XLOOKUP(A168,Performance!$A$2:$A$501,Performance!$C$2:$C$501) -> 1 | Q168: =IF(P168=5,I168*0.15,IF(P168=4,I168*0.1,IF(P168=3,I168*0.07,IF(P168<3,I168*0.05,0)))) -> 2287.4
A169: E0168 | B169: Sara | C169: Sen | D169: Male | E169: 48 | F169: D05 | G169: Coordinator | H169: 2023-03-12 | I169: 45767 | J169: Mumbai | K169: sara.sen168@example.com | L169: Inactive | M169: =VLOOKUP(F169,Departments!$A$1:$C$6,2,0) -> Marketing | N169: =INDEX(Departments!$B$1:$B$6, MATCH(Employees!F169, Departments!$A$1:$A$6, 0)) -> Marketing | O169: =INDEX(Departments!$B$2:$B$6,MATCH(Employees!F169,Departments!$A$2:$A$6,0)) -> Marketing | P169: =INDEX(Performance!$C$2:$C$501,MATCH(Employees!A169,Performance!$A$2:$A$501,0)) -> 2 | Q169: =IF(P169=5,I169*0.15,IF(P169=4,I169*0.1,IF(P169=3,I169*0.07,IF(P169<3,I169*0.05,0)))) -> 2288.35
A170: E0169 | B170: John | C170: Ghosh | D170: Male | E170: 49 | F170: D02 | G170: Specialist | H170: 2019-10-03 | I170: 63927 | J170: Pune | K170: john.ghosh169@example.com | L170: Inactive | M170: =VLOOKUP(F170,Departments!$A$1:$C$6,2,0) -> Finance | N170: =INDEX(Departments!$B$1:$B$6, MATCH(Employees!F170, Departments!$A$1:$A$6, 0)) -> Finance | O170: =INDEX(Departments!$B$2:$B$6,MATCH(Employees!F170,Departments!$A$2:$A$6,0)) -> Finance | P170: =INDEX(Performance!$C$2:$C$501,MATCH(Employees!A170,Performance!$A$2:$A$501,0)) -> 2 | Q170: =IF(P170=5,I170*0.15,IF(P170=4,I170*0.1,IF(P170=3,I170*0.07,IF(P170<3,I170*0.05,0)))) -> 3196.35
A171: E0170 | B171: Anita | C171: Roy | D171: Male | E171: 46 | F171: D01 | G171: Specialist | H171: 2021-03-03 | I171: 116657 | J171: Delhi | K171: anita.roy170@example.com | L171: Inactive | M171: =VLOOKUP(F171,Departments!$A$1:$C$6,2,0) -> HR | N171: =INDEX(Departments!$B$1:$B$6, MATCH(Employees!F171, Departments!$A$1:$A$6, 0)) -> HR | O171: =INDEX(Departments!$B$2:$B$6,MATCH(Employees!F171,Departments!$A$2:$A$6,0)) -> HR | P171: =INDEX(Performance!$C$2:$C$501,MATCH(Employees!A171,Performance!$A$2:$A$501,0)) -> 1 | Q171: =IF(P171=5,I171*0.15,IF(P171=4,I171*0.1,IF(P171=3,I171*0.07,IF(P171<3,I171*0.05,0)))) -> 5832.85
A172: E0171 | B172: Amit | C172: Paul | D172: Male | E172: 49 | F172: D03 | G172: Executive | H172: 2020-02-06 | I172: 35376 | J172: Pune | K172: amit.paul171@example.com | L172: Inactive | M172: =VLOOKUP(F172,Departments!$A$1:$C$6,2,0) -> IT | N172: =INDEX(Departments!$B$1:$B$6, MATCH(Employees!F172, Departments!$A$1:$A$6, 0)) -> IT | O172: =INDEX(Departments!$B$2:$B$6,MATCH(Employees!F172,Departments!$A$2:$A$6,0)) -> IT | P172: =INDEX(Performance!$C$2:$C$501,MATCH(Employees!A172,Performance!$A$2:$A$501,0)) -> 5 | Q172: =IF(P172=5,I172*0.15,IF(P172=4,I172*0.1,IF(P172=3,I172*0.07,IF(P172<3,I172*0.05,0)))) -> 5306.4
A173: E0172 | B173: Neha | C173: Singh | D173: Male | E173: 44 | F173: D03 | G173: Specialist | H173: 2020-03-12 | I173: 37908 | J173: Bengaluru | K173: neha.singh172@example.com | L173: Active | M173: =VLOOKUP(F173,Departments!$A$1:$C$6,2,0) -> IT | N173: =INDEX(Departments!$B$1:$B$6, MATCH(Employees!F173, Departments!$A$1:$A$6, 0)) -> IT | O173: =INDEX(Departments!$B$2:$B$6,MATCH(Employees!F173,Departments!$A$2:$A$6,0)) -> IT | P173: =INDEX(Performance!$C$2:$C$501,MATCH(Employees!A173,Performance!$A$2:$A$501,0)) -> 5 | Q173: =IF(P173=5,I173*0.15,IF(P173=4,I173*0.1,IF(P173=3,I173*0.07,IF(P173<3,I173*0.05,0)))) -> 5686.2
A174: E0173 | B174: John | C174: Singh | D174: Male | E174: 59 | F174: D01 | G174: Analyst | H174: 2020-03-13 | I174: 106205 | J174: Pune | K174: john.singh173@example.com | L174: Active | M174: =VLOOKUP(F174,Departments!$A$1:$C$6,2,0) -> HR | N174: =INDEX(Departments!$B$1:$B$6, MATCH(Employees!F174, Departments!$A$1:$A$6, 0)) -> HR | O174: =INDEX(Departments!$B$2:$B$6,MATCH(Employees!F174,Departments!$A$2:$A$6,0)) -> HR | P174: =INDEX(Performance!$C$2:$C$501,MATCH(Employees!A174,Performance!$A$2:$A$501,0)) -> 3 | Q174: =IF(P174=5,I174*0.15,IF(P174=4,I174*0.1,IF(P174=3,I174*0.07,IF(P174<3,I174*0.05,0)))) -> 7434.35
A175: E0174 | B175: Priya | C175: Das | D175: Female | E175: 29 | F175: D05 | G175: Specialist | H175: 2018-07-21 | I175: 101504 | J175: Mumbai | K175: priya.das174@example.com | L175: Active | M175: =VLOOKUP(F175,Departments!$A$1:$C$6,2,0) -> Marketing | N175: =INDEX(Departments!$B$1:$B$6, MATCH(Employees!F175, Departments!$A$1:$A$6, 0)) -> Marketing | O175: =INDEX(Departments!$B$2:$B$6,MATCH(Employees!F175,Departments!$A$2:$A$6,0)) -> Marketing | P175: =INDEX(Performance!$C$2:$C$501,MATCH(Employees!A175,Performance!$A$2:$A$501,0)) -> 1 | Q175: =IF(P175=5,I175*0.15,IF(P175=4,I175*0.1,IF(P175=3,I175*0.07,IF(P175<3,I175*0.05,0)))) -> 5075.2
A176: E0175 | B176: Sara | C176: Singh | D176: Female | E176: 48 | F176: D01 | G176: Specialist | H176: 2020-03-19 | I176: 36710 | J176: Pune | K176: sara.singh175@example.com | L176: Active | M176: =VLOOKUP(F176,Departments!$A$1:$C$6,2,0) -> HR | N176: =INDEX(Departments!$B$1:$B$6, MATCH(Employees!F176, Departments!$A$1:$A$6, 0)) -> HR | O176: =INDEX(Departments!$B$2:$B$6,MATCH(Employees!F176,Departments!$A$2:$A$6,0)) -> HR | P176: =INDEX(Performance!$C$2:$C$501,MATCH(Employees!A176,Performance!$A$2:$A$501,0)) -> 1 | Q176: =IF(P176=5,I176*0.15,IF(P176=4,I176*0.1,IF(P176=3,I176*0.07,IF(P176<3,I176*0.05,0)))) -> 1835.5
A177: E0176 | B177: Neha | C177: Sen | D177: Female | E177: 58 | F177: D01 | G177: Coordinator | H177: 2023-01-25 | I177: 78149 | J177: Kolkata | K177: neha.sen176@example.com | L177: Inactive | M177: =VLOOKUP(F177,Departments!$A$1:$C$6,2,0) -> HR | N177: =INDEX(Departments!$B$1:$B$6, MATCH(Employees!F177, Departments!$A$1:$A$6, 0)) -> HR | O177: =INDEX(Departments!$B$2:$B$6,MATCH(Employees!F177,Departments!$A$2:$A$6,0)) -> HR | P177: =INDEX(Performance!$C$2:$C$501,MATCH(Employees!A177,Performance!$A$2:$A$501,0)) -> 5 | Q177: =IF(P177=5,I177*0.15,IF(P177=4,I177*0.1,IF(P177=3,I177*0.07,IF(P177<3,I177*0.05,0)))) -> 11722.35
A178: E0177 | B178: Sara | C178: Paul | D178: Female | E178: 57 | F178: D04 | G178: Coordinator | H178: 2020-07-01 | I178: 93998 | J178: Kolkata | K178: sara.paul177@example.com | L178: Inactive | M178: =VLOOKUP(F178,Departments!$A$1:$C$6,2,0) -> Sales | N178: =INDEX(Departments!$B$1:$B$6, MATCH(Employees!F178, Departments!$A$1:$A$6, 0)) -> Sales | O178: =INDEX(Departments!$B$2:$B$6,MATCH(Employees!F178,Departments!$A$2:$A$6,0)) -> Sales | P178: =INDEX(Performance!$C$2:$C$501,MATCH(Employees!A178,Performance!$A$2:$A$501,0)) -> 4 | Q178: =IF(P178=5,I178*0.15,IF(P178=4,I178*0.1,IF(P178=3,I178*0.07,IF(P178<3,I178*0.05,0)))) -> 9399.8
A179: E0178 | B179: John | C179: Khan | D179: Male | E179: 50 | F179: D01 | G179: Manager | H179: 2024-03-20 | I179: 47599 | J179: Mumbai | K179: john.khan178@example.com | L179: Active | M179: =VLOOKUP(F179,Departments!$A$1:$C$6,2,0) -> HR | N179: =INDEX(Departments!$B$1:$B$6, MATCH(Employees!F179, Departments!$A$1:$A$6, 0)) -> HR | O179: =INDEX(Departments!$B$2:$B$6,MATCH(Employees!F179,Departments!$A$2:$A$6,0)) -> HR | P179: =INDEX(Performance!$C$2:$C$501,MATCH(Employees!A179,Performance!$A$2:$A$501,0)) -> 3 | Q179: =IF(P179=5,I179*0.15,IF(P179=4,I179*0.1,IF(P179=3,I179*0.07,IF(P179<3,I179*0.05,0)))) -> 3331.93
A180: E0179 | B180: Sara | C180: Ghosh | D180: Female | E180: 32 | F180: D02 | G180: Executive | H180: 2018-07-28 | I180: 82412 | J180: Bengaluru | K180: sara.ghosh179@example.com | L180: Inactive | M180: =VLOOKUP(F180,Departments!$A$1:$C$6,2,0) -> Finance | N180: =INDEX(Departments!$B$1:$B$6, MATCH(Employees!F180, Departments!$A$1:$A$6, 0)) -> Finance | O180: =INDEX(Departments!$B$2:$B$6,MATCH(Employees!F180,Departments!$A$2:$A$6,0)) -> Finance | P180: =INDEX(Performance!$C$2:$C$501,MATCH(Employees!A180,Performance!$A$2:$A$501,0)) -> 4 | Q180: =IF(P180=5,I180*0.15,IF(P180=4,I180*0.1,IF(P180=3,I180*0.07,IF(P180<3,I180*0.05,0)))) -> 8241.2
... A183: E0182 | B183: Neha | C183: Dutta | D183: Female | E183: 48 | F183: D02 | G183: Executive | H183: 2018-04-15 | I183: 119053 | J183: Kolkata | K183: neha.dutta182@example.com | L183: Active | M183: =VLOOKUP(F183,Departments!$A$1:$C$6,2,0) -> Finance | N183: =INDEX(Departments!$B$1:$B$6, MATCH(Employees!F183, Departments!$A$1:$A$6, 0)) -> Finance | O183: =INDEX(Departments!$B$2:$B$6,MATCH(Employees!F183,Departments!$A$2:$A$6,0)) -> Finance | P183: =INDEX(Performance!$C$2:$C$501,MATCH(Employees!A183,Performance!$A$2:$A$501,0)) -> 4 | Q183: =IF(P183=5,I183*0.15,IF(P183=4,I183*0.1,IF(P183=3,I183*0.07,IF(P183<3,I183*0.05,0)))) -> 11905.3
A184: E0183 | B184: Anita | C184: Sen | D184: Male | E184: 60 | F184: D04 | G184: Analyst | H184: 2024-06-20 | I184: 111243 | J184: Kolkata | K184: anita.sen183@example.com | L184: Active | M184: =VLOOKUP(F184,Departments!$A$1:$C$6,2,0) -> Sales | N184: =INDEX(Departments!$B$1:$B$6, MATCH(Employees!F184, Departments!$A$1:$A$6, 0)) -> Sales | O184: =INDEX(Departments!$B$2:$B$6,MATCH(Employees!F184,Departments!$A$2:$A$6,0)) -> Sales | P184: =_xlfn.XLOOKUP(A184,Performance!$A$2:$A$501,Performance!$C$2:$C$501) -> 4 | Q184: =IF(P184=5,I184*0.15,IF(P184=4,I184*0.1,IF(P184=3,I184*0.07,IF(P184<3,I184*0.05,0)))) -> 11124.3
A185: E0184 | B185: Neha | C185: Singh | D185: Female | E185: 55 | F185: D03 | G185: Analyst | H185: 2021-03-12 | I185: 73063 | J185: Mumbai | K185: neha.singh184@example.com | L185: Active | M185: =VLOOKUP(F185,Departments!$A$1:$C$6,2,0) -> IT | N185: =INDEX(Departments!$B$1:$B$6, MATCH(Employees!F185, Departments!$A$1:$A$6, 0)) -> IT | O185: =INDEX(Departments!$B$2:$B$6,MATCH(Employees!F185,Departments!$A$2:$A$6,0)) -> IT | P185: =INDEX(Performance!$C$2:$C$501,MATCH(Employees!A185,Performance!$A$2:$A$501,0)) -> 1 | Q185: =IF(P185=5,I185*0.15,IF(P185=4,I185*0.1,IF(P185=3,I185*0.07,IF(P185<3,I185*0.05,0)))) -> 3653.15
A186: E0185 | B186: Neha | C186: Ghosh | D186: Male | E186: 35 | F186: D05 | G186: Analyst | H186: 2024-07-05 | I186: 71247 | J186: Kolkata | K186: neha.ghosh185@example.com | L186: Inactive | M186: =VLOOKUP(F186,Departments!$A$1:$C$6,2,0) -> Marketing | N186: =INDEX(Departments!$B$1:$B$6, MATCH(Employees!F186, Departments!$A$1:$A$6, 0)) -> Marketing | O186: =INDEX(Departments!$B$2:$B$6,MATCH(Employees!F186,Departments!$A$2:$A$6,0)) -> Marketing | P186: =_xlfn.XLOOKUP(A186,Performance!$A$2:$A$501,Performance!$C$2:$C$501) -> 4 | Q186: =IF(P186=5,I186*0.15,IF(P186=4,I186*0.1,IF(P186=3,I186*0.07,IF(P186<3,I186*0.05,0)))) -> 7124.7
A187: E0186 | B187: David | C187: Das | D187: Male | E187: 41 | F187: D04 | G187: Executive | H187: 2019-08-18 | I187: 67422 | J187: Bengaluru | K187: david.das186@example.com | L187: Inactive | M187: =VLOOKUP(F187,Departments!$A$1:$C$6,2,0) -> Sales | N187: =INDEX(Departments!$B$1:$B$6, MATCH(Employees!F187, Departments!$A$1:$A$6, 0)) -> Sales | O187: =INDEX(Departments!$B$2:$B$6,MATCH(Employees!F187,Departments!$A$2:$A$6,0)) -> Sales | P187: =INDEX(Performance!$C$2:$C$501,MATCH(Employees!A187,Performance!$A$2:$A$501,0)) -> 2 | Q187: =IF(P187=5,I187*0.15,IF(P187=4,I187*0.1,IF(P187=3,I187*0.07,IF(P187<3,I187*0.05,0)))) -> 3371.1
A188: E0187 | B188: Rohit | C188: Singh | D188: Female | E188: 26 | F188: D03 | G188: Coordinator | H188: 2019-02-18 | I188: 110628 | J188: Bengaluru | K188: rohit.singh187@example.com | L188: Inactive | M188: =VLOOKUP(F188,Departments!$A$1:$C$6,2,0) -> IT | N188: =INDEX(Departments!$B$1:$B$6, MATCH(Employees!F188, Departments!$A$1:$A$6, 0)) -> IT | O188: =INDEX(Departments!$B$2:$B$6,MATCH(Employees!F188,Departments!$A$2:$A$6,0)) -> IT | P188: =INDEX(Performance!$C$2:$C$501,MATCH(Employees!A188,Performance!$A$2:$A$501,0)) -> 3 | Q188: =IF(P188=5,I188*0.15,IF(P188=4,I188*0.1,IF(P188=3,I188*0.07,IF(P188<3,I188*0.05,0)))) -> 7743.96
A189: E0188 | B189: Rahul | C189: Brown | D189: Female | E189: 48 | F189: D05 | G189: Analyst | H189: 2021-08-23 | I189: 96540 | J189: Pune | K189: rahul.brown188@example.com | L189: Inactive | M189: =VLOOKUP(F189,Departments!$A$1:$C$6,2,0) -> Marketing | N189: =INDEX(Departments!$B$1:$B$6, MATCH(Employees!F189, Departments!$A$1:$A$6, 0)) -> Marketing | O189: =INDEX(Departments!$B$2:$B$6,MATCH(Employees!F189,Departments!$A$2:$A$6,0)) -> Marketing | P189: =INDEX(Performance!$C$2:$C$501,MATCH(Employees!A189,Performance!$A$2:$A$501,0)) -> 3 | Q189: =IF(P189=5,I189*0.15,IF(P189=4,I189*0.1,IF(P189=3,I189*0.07,IF(P189<3,I189*0.05,0)))) -> 6757.8
A190: E0189 | B190: Sara | C190: Khan | D190: Female | E190: 49 | F190: D05 | G190: Analyst | H190: 2018-11-14 | I190: 76991 | J190: Delhi | K190: sara.khan189@example.com | L190: Active | M190: =VLOOKUP(F190,Departments!$A$1:$C$6,2,0) -> Marketing | N190: =INDEX(Departments!$B$1:$B$6, MATCH(Employees!F190, Departments!$A$1:$A$6, 0)) -> Marketing | O190: =INDEX(Departments!$B$2:$B$6,MATCH(Employees!F190,Departments!$A$2:$A$6,0)) -> Marketing | P190: =INDEX(Performance!$C$2:$C$501,MATCH(Employees!A190,Performance!$A$2:$A$501,0)) -> 5 | Q190: =IF(P190=5,I190*0.15,IF(P190=4,I190*0.1,IF(P190=3,I190*0.07,IF(P190<3,I190*0.05,0)))) -> 11548.65
A191: E0190 | B191: John | C191: Das | D191: Male | E191: 26 | F191: D04 | G191: Analyst | H191: 2021-04-14 | I191: 92562 | J191: Pune | K191: john.das190@example.com | L191: Inactive | M191: =VLOOKUP(F191,Departments!$A$1:$C$6,2,0) -> Sales | N191: =INDEX(Departments!$B$1:$B$6, MATCH(Employees!F191, Departments!$A$1:$A$6, 0)) -> Sales | O191: =INDEX(Departments!$B$2:$B$6,MATCH(Employees!F191,Departments!$A$2:$A$6,0)) -> Sales | P191: =INDEX(Performance!$C$2:$C$501,MATCH(Employees!A191,Performance!$A$2:$A$501,0)) -> 5 | Q191: =IF(P191=5,I191*0.15,IF(P191=4,I191*0.1,IF(P191=3,I191*0.07,IF(P191<3,I191*0.05,0)))) -> 13884.3
A192: E0191 | B192: Neha | C192: Brown | D192: Female | E192: 51 | F192: D04 | G192: Manager | H192: 2019-04-05 | I192: 102983 | J192: Pune | K192: neha.brown191@example.com | L192: Inactive | M192: =VLOOKUP(F192,Departments!$A$1:$C$6,2,0) -> Sales | N192: =INDEX(Departments!$B$1:$B$6, MATCH(Employees!F192, Departments!$A$1:$A$6, 0)) -> Sales | O192: =INDEX(Departments!$B$2:$B$6,MATCH(Employees!F192,Departments!$A$2:$A$6,0)) -> Sales | P192: =INDEX(Performance!$C$2:$C$501,MATCH(Employees!A192,Performance!$A$2:$A$501,0)) -> 2 | Q192: =IF(P192=5,I192*0.15,IF(P192=4,I192*0.1,IF(P192=3,I192*0.07,IF(P192<3,I192*0.05,0)))) -> 5149.15
A193: E0192 | B193: Neha | C193: Smith | D193: Male | E193: 23 | F193: D01 | G193: Coordinator | H193: 2022-09-24 | I193: 114420 | J193: Kolkata | K193: neha.smith192@example.com | L193: Active | M193: =VLOOKUP(F193,Departments!$A$1:$C$6,2,0) -> HR | N193: =INDEX(Departments!$B$1:$B$6, MATCH(Employees!F193, Departments!$A$1:$A$6, 0)) -> HR | O193: =INDEX(Departments!$B$2:$B$6,MATCH(Employees!F193,Departments!$A$2:$A$6,0)) -> HR | P193: =INDEX(Performance!$C$2:$C$501,MATCH(Employees!A193,Performance!$A$2:$A$501,0)) -> 3 | Q193: =IF(P193=5,I193*0.15,IF(P193=4,I193*0.1,IF(P193=3,I193*0.07,IF(P193<3,I193*0.05,0)))) -> 8009.4
A194: E0193 | B194: Rohit | C194: Brown | D194: Female | E194: 58 | F194: D02 | G194: Coordinator | H194: 2024-01-12 | I194: 108419 | J194: Delhi | K194: rohit.brown193@example.com | L194: Active | M194: =VLOOKUP(F194,Departments!$A$1:$C$6,2,0) -> Finance | N194: =INDEX(Departments!$B$1:$B$6, MATCH(Employees!F194, Departments!$A$1:$A$6, 0)) -> Finance | O194: =INDEX(Departments!$B$2:$B$6,MATCH(Employees!F194,Departments!$A$2:$A$6,0)) -> Finance | P194: =INDEX(Performance!$C$2:$C$501,MATCH(Employees!A194,Performance!$A$2:$A$501,0)) -> 3 | Q194: =IF(P194=5,I194*0.15,IF(P194=4,I194*0.1,IF(P194=3,I194*0.07,IF(P194<3,I194*0.05,0)))) -> 7589.33
A195: E0194 | B195: Priya | C195: Ghosh | D195: Male | E195: 54 | F195: D04 | G195: Specialist | H195: 2020-05-01 | I195: 100498 | J195: Bengaluru | K195: priya.ghosh194@example.com | L195: Inactive | M195: =VLOOKUP(F195,Departments!$A$1:$C$6,2,0) -> Sales | N195: =INDEX(Departments!$B$1:$B$6, MATCH(Employees!F195, Departments!$A$1:$A$6, 0)) -> Sales | O195: =INDEX(Departments!$B$2:$B$6,MATCH(Employees!F195,Departments!$A$2:$A$6,0)) -> Sales | P195: =INDEX(Performance!$C$2:$C$501,MATCH(Employees!A195,Performance!$A$2:$A$501,0)) -> 3 | Q195: =IF(P195=5,I195*0.15,IF(P195=4,I195*0.1,IF(P195=3,I195*0.07,IF(P195<3,I195*0.05,0)))) -> 7034.86
A196: E0195 | B196: Amit | C196: Brown | D196: Male | E196: 48 | F196: D03 | G196: Analyst | H196: 2019-08-23 | I196: 62004 | J196: Bengaluru | K196: amit.brown195@example.com | L196: Active | M196: =VLOOKUP(F196,Departments!$A$1:$C$6,2,0) -> IT | N196: =INDEX(Departments!$B$1:$B$6, MATCH(Employees!F196, Departments!$A$1:$A$6, 0)) -> IT | O196: =INDEX(Departments!$B$2:$B$6,MATCH(Employees!F196,Departments!$A$2:$A$6,0)) -> IT | P196: =INDEX(Performance!$C$2:$C$501,MATCH(Employees!A196,Performance!$A$2:$A$501,0)) -> 2 | Q196: =IF(P196=5,I196*0.15,IF(P196=4,I196*0.1,IF(P196=3,I196*0.07,IF(P196<3,I196*0.05,0)))) -> 3100.2
A197: E0196 | B197: John | C197: Sen | D197: Male | E197: 46 | F197: D05 | G197: Executive | H197: 2022-01-15 | I197: 37033 | J197: Delhi | K197: john.sen196@example.com | L197: Inactive | M197: =VLOOKUP(F197,Departments!$A$1:$C$6,2,0) -> Marketing | N197: =INDEX(Departments!$B$1:$B$6, MATCH(Employees!F197, Departments!$A$1:$A$6, 0)) -> Marketing | O197: =INDEX(Departments!$B$2:$B$6,MATCH(Employees!F197,Departments!$A$2:$A$6,0)) -> Marketing | P197: =INDEX(Performance!$C$2:$C$501,MATCH(Employees!A197,Performance!$A$2:$A$501,0)) -> 3 | Q197: =IF(P197=5,I197*0.15,IF(P197=4,I197*0.1,IF(P197=3,I197*0.07,IF(P197<3,I197*0.05,0)))) -> 2592.31
A198: E0197 | B198: Amit | C198: Singh | D198: Male | E198: 25 | F198: D05 | G198: Specialist | H198: 2018-05-27 | I198: 58062 | J198: Pune | K198: amit.singh197@example.com | L198: Active | M198: =VLOOKUP(F198,Departments!$A$1:$C$6,2,0) -> Marketing | N198: =INDEX(Departments!$B$1:$B$6, MATCH(Employees!F198, Departments!$A$1:$A$6, 0)) -> Marketing | O198: =INDEX(Departments!$B$2:$B$6,MATCH(Employees!F198,Departments!$A$2:$A$6,0)) -> Marketing | P198: =INDEX(Performance!$C$2:$C$501,MATCH(Employees!A198,Performance!$A$2:$A$501,0)) -> 2 | Q198: =IF(P198=5,I198*0.15,IF(P198=4,I198*0.1,IF(P198=3,I198*0.07,IF(P198<3,I198*0.05,0)))) -> 2903.1
... A264: E0263 | B264: Rohit | C264: Paul | D264: Male | E264: 59 | F264: D01 | G264: Specialist | H264: 2020-10-27 | I264: 91520 | J264: Mumbai | K264: rohit.paul263@example.com | L264: Inactive | M264: =VLOOKUP(F264,Departments!$A$1:$C$6,2,0) -> HR | N264: =INDEX(Departments!$B$1:$B$6, MATCH(Employees!F264, Departments!$A$1:$A$6, 0)) -> HR | O264: =INDEX(Departments!$B$2:$B$6,MATCH(Employees!F264,Departments!$A$2:$A$6,0)) -> HR | P264: =INDEX(Performance!$C$2:$C$501,MATCH(Employees!A264,Performance!$A$2:$A$501,0)) -> 5 | Q264: =IF(P264=5,I264*0.15,IF(P264=4,I264*0.1,IF(P264=3,I264*0.07,IF(P264<3,I264*0.05,0)))) -> 13728
A265: E0264 | B265: Priya | C265: Das | D265: Female | E265: 44 | F265: D03 | G265: Analyst | H265: 2018-03-24 | I265: 97265 | J265: Kolkata | K265: priya.das264@example.com | L265: Active | M265: =VLOOKUP(F265,Departments!$A$1:$C$6,2,0) -> IT | N265: =INDEX(Departments!$B$1:$B$6, MATCH(Employees!F265, Departments!$A$1:$A$6, 0)) -> IT | O265: =INDEX(Departments!$B$2:$B$6,MATCH(Employees!F265,Departments!$A$2:$A$6,0)) -> IT | P265: =_xlfn.XLOOKUP(A265,Performance!$A$2:$A$501,Performance!$C$2:$C$501) -> 2 | Q265: =IF(P265=5,I265*0.15,IF(P265=4,I265*0.1,IF(P265=3,I265*0.07,IF(P265<3,I265*0.05,0)))) -> 4863.25
A266: E0265 | B266: Rohit | C266: Khan | D266: Male | E266: 60 | F266: D01 | G266: Coordinator | H266: 2021-03-09 | I266: 76450 | J266: Delhi | K266: rohit.khan265@example.com | L266: Active | M266: =VLOOKUP(F266,Departments!$A$1:$C$6,2,0) -> HR | N266: =INDEX(Departments!$B$1:$B$6, MATCH(Employees!F266, Departments!$A$1:$A$6, 0)) -> HR | O266: =INDEX(Departments!$B$2:$B$6,MATCH(Employees!F266,Departments!$A$2:$A$6,0)) -> HR | P266: =INDEX(Performance!$C$2:$C$501,MATCH(Employees!A266,Performance!$A$2:$A$501,0)) -> 2 | Q266: =IF(P266=5,I266*0.15,IF(P266=4,I266*0.1,IF(P266=3,I266*0.07,IF(P266<3,I266*0.05,0)))) -> 3822.5
A267: E0266 | B267: John | C267: Dutta | D267: Male | E267: 45 | F267: D03 | G267: Analyst | H267: 2019-07-24 | I267: 85702 | J267: Pune | K267: john.dutta266@example.com | L267: Inactive | M267: =VLOOKUP(F267,Departments!$A$1:$C$6,2,0) -> IT | N267: =INDEX(Departments!$B$1:$B$6, MATCH(Employees!F267, Departments!$A$1:$A$6, 0)) -> IT | O267: =INDEX(Departments!$B$2:$B$6,MATCH(Employees!F267,Departments!$A$2:$A$6,0)) -> IT | P267: =INDEX(Performance!$C$2:$C$501,MATCH(Employees!A267,Performance!$A$2:$A$501,0)) -> 4 | Q267: =IF(P267=5,I267*0.15,IF(P267=4,I267*0.1,IF(P267=3,I267*0.07,IF(P267<3,I267*0.05,0)))) -> 8570.2
A268: E0267 | B268: Anita | C268: Brown | D268: Female | E268: 52 | F268: D04 | G268: Manager | H268: 2022-12-14 | I268: 94043 | J268: Bengaluru | K268: anita.brown267@example.com | L268: Inactive | M268: =VLOOKUP(F268,Departments!$A$1:$C$6,2,0) -> Sales | N268: =INDEX(Departments!$B$1:$B$6, MATCH(Employees!F268, Departments!$A$1:$A$6, 0)) -> Sales | O268: =INDEX(Departments!$B$2:$B$6,MATCH(Employees!F268,Departments!$A$2:$A$6,0)) -> Sales | P268: =INDEX(Performance!$C$2:$C$501,MATCH(Employees!A268,Performance!$A$2:$A$501,0)) -> 4 | Q268: =IF(P268=5,I268*0.15,IF(P268=4,I268*0.1,IF(P268=3,I268*0.07,IF(P268<3,I268*0.05,0)))) -> 9404.3
A269: E0268 | B269: Jane | C269: Khan | D269: Female | E269: 26 | F269: D04 | G269: Specialist | H269: 2018-02-14 | I269: 59385 | J269: Pune | K269: jane.khan268@example.com | L269: Active | M269: =VLOOKUP(F269,Departments!$A$1:$C$6,2,0) -> Sales | N269: =INDEX(Departments!$B$1:$B$6, MATCH(Employees!F269, Departments!$A$1:$A$6, 0)) -> Sales | O269: =INDEX(Departments!$B$2:$B$6,MATCH(Employees!F269,Departments!$A$2:$A$6,0)) -> Sales | P269: =INDEX(Performance!$C$2:$C$501,MATCH(Employees!A269,Performance!$A$2:$A$501,0)) -> 2 | Q269: =IF(P269=5,I269*0.15,IF(P269=4,I269*0.1,IF(P269=3,I269*0.07,IF(P269<3,I269*0.05,0)))) -> 2969.25
A270: E0269 | B270: Sara | C270: Singh | D270: Female | E270: 43 | F270: D02 | G270: Manager | H270: 2022-08-07 | I270: 114243 | J270: Bengaluru | K270: sara.singh269@example.com | L270: Active | M270: =VLOOKUP(F270,Departments!$A$1:$C$6,2,0) -> Finance | N270: =INDEX(Departments!$B$1:$B$6, MATCH(Employees!F270, Departments!$A$1:$A$6, 0)) -> Finance | O270: =INDEX(Departments!$B$2:$B$6,MATCH(Employees!F270,Departments!$A$2:$A$6,0)) -> Finance | P270: =INDEX(Performance!$C$2:$C$501,MATCH(Employees!A270,Performance!$A$2:$A$501,0)) -> 1 | Q270: =IF(P270=5,I270*0.15,IF(P270=4,I270*0.1,IF(P270=3,I270*0.07,IF(P270<3,I270*0.05,0)))) -> 5712.15
A271: E0270 | B271: Amit | C271: Sen | D271: Female | E271: 38 | F271: D01 | G271: Analyst | H271: 2020-01-14 | I271: 108702 | J271: Delhi | K271: amit.sen270@example.com | L271: Active | M271: =VLOOKUP(F271,Departments!$A$1:$C$6,2,0) -> HR | N271: =INDEX(Departments!$B$1:$B$6, MATCH(Employees!F271, Departments!$A$1:$A$6, 0)) -> HR | O271: =INDEX(Departments!$B$2:$B$6,MATCH(Employees!F271,Departments!$A$2:$A$6,0)) -> HR | P271: =INDEX(Performance!$C$2:$C$501,MATCH(Employees!A271,Performance!$A$2:$A$501,0)) -> 4 | Q271: =IF(P271=5,I271*0.15,IF(P271=4,I271*0.1,IF(P271=3,I271*0.07,IF(P271<3,I271*0.05,0)))) -> 10870.2
A272: E0271 | B272: Amit | C272: Khan | D272: Male | E272: 54 | F272: D01 | G272: Manager | H272: 2022-06-11 | I272: 103130 | J272: Kolkata | K272: amit.khan271@example.com | L272: Active | M272: =VLOOKUP(F272,Departments!$A$1:$C$6,2,0) -> HR | N272: =INDEX(Departments!$B$1:$B$6, MATCH(Employees!F272, Departments!$A$1:$A$6, 0)) -> HR | O272: =INDEX(Departments!$B$2:$B$6,MATCH(Employees!F272,Departments!$A$2:$A$6,0)) -> HR | P272: =INDEX(Performance!$C$2:$C$501,MATCH(Employees!A272,Performance!$A$2:$A$501,0)) -> 5 | Q272: =IF(P272=5,I272*0.15,IF(P272=4,I272*0.1,IF(P272=3,I272*0.07,IF(P272<3,I272*0.05,0)))) -> 15469.5
A273: E0272 | B273: Rohit | C273: Ghosh | D273: Male | E273: 44 | F273: D04 | G273: Analyst | H273: 2022-07-26 | I273: 71195 | J273: Mumbai | K273: rohit.ghosh272@example.com | L273: Active | M273: =VLOOKUP(F273,Departments!$A$1:$C$6,2,0) -> Sales | N273: =INDEX(Departments!$B$1:$B$6, MATCH(Employees!F273, Departments!$A$1:$A$6, 0)) -> Sales | O273: =INDEX(Departments!$B$2:$B$6,MATCH(Employees!F273,Departments!$A$2:$A$6,0)) -> Sales | P273: =INDEX(Performance!$C$2:$C$501,MATCH(Employees!A273,Performance!$A$2:$A$501,0)) -> 4 | Q273: =IF(P273=5,I273*0.15,IF(P273=4,I273*0.1,IF(P273=3,I273*0.07,IF(P273<3,I273*0.05,0)))) -> 7119.5
A274: E0273 | B274: Neha | C274: Sen | D274: Female | E274: 55 | F274: D01 | G274: Executive | H274: 2023-08-22 | I274: 40336 | J274: Mumbai | K274: neha.sen273@example.com | L274: Inactive | M274: =VLOOKUP(F274,Departments!$A$1:$C$6,2,0) -> HR | N274: =INDEX(Departments!$B$1:$B$6, MATCH(Employees!F274, Departments!$A$1:$A$6, 0)) -> HR | O274: =INDEX(Departments!$B$2:$B$6,MATCH(Employees!F274,Departments!$A$2:$A$6,0)) -> HR | P274: =INDEX(Performance!$C$2:$C$501,MATCH(Employees!A274,Performance!$A$2:$A$501,0)) -> 2 | Q274: =IF(P274=5,I274*0.15,IF(P274=4,I274*0.1,IF(P274=3,I274*0.07,IF(P274<3,I274*0.05,0)))) -> 2016.8
A275: E0274 | B275: Priya | C275: Roy | D275: Male | E275: 52 | F275: D02 | G275: Manager | H275: 2018-06-26 | I275: 107267 | J275: Bengaluru | K275: priya.roy274@example.com | L275: Inactive | M275: =VLOOKUP(F275,Departments!$A$1:$C$6,2,0) -> Finance | N275: =INDEX(Departments!$B$1:$B$6, MATCH(Employees!F275, Departments!$A$1:$A$6, 0)) -> Finance | O275: =INDEX(Departments!$B$2:$B$6,MATCH(Employees!F275,Departments!$A$2:$A$6,0)) -> Finance | P275: =INDEX(Performance!$C$2:$C$501,MATCH(Employees!A275,Performance!$A$2:$A$501,0)) -> 4 | Q275: =IF(P275=5,I275*0.15,IF(P275=4,I275*0.1,IF(P275=3,I275*0.07,IF(P275<3,I275*0.05,0)))) -> 10726.7
A276: E0275 | B276: Amit | C276: Paul | D276: Female | E276: 43 | F276: D04 | G276: Coordinator | H276: 2023-07-10 | I276: 89633 | J276: Bengaluru | K276: amit.paul275@example.com | L276: Inactive | M276: =VLOOKUP(F276,Departments!$A$1:$C$6,2,0) -> Sales | N276: =INDEX(Departments!$B$1:$B$6, MATCH(Employees!F276, Departments!$A$1:$A$6, 0)) -> Sales | O276: =INDEX(Departments!$B$2:$B$6,MATCH(Employees!F276,Departments!$A$2:$A$6,0)) -> Sales | P276: =INDEX(Performance!$C$2:$C$501,MATCH(Employees!A276,Performance!$A$2:$A$501,0)) -> 4 | Q276: =IF(P276=5,I276*0.15,IF(P276=4,I276*0.1,IF(P276=3,I276*0.07,IF(P276<3,I276*0.05,0)))) -> 8963.3
A277: E0276 | B277: Sara | C277: Roy | D277: Male | E277: 51 | F277: D04 | G277: Manager | H277: 2022-08-30 | I277: 76409 | J277: Pune | K277: sara.roy276@example.com | L277: Inactive | M277: =VLOOKUP(F277,Departments!$A$1:$C$6,2,0) -> Sales | N277: =INDEX(Departments!$B$1:$B$6, MATCH(Employees!F277, Departments!$A$1:$A$6, 0)) -> Sales | O277: =INDEX(Departments!$B$2:$B$6,MATCH(Employees!F277,Departments!$A$2:$A$6,0)) -> Sales | P277: =INDEX(Performance!$C$2:$C$501,MATCH(Employees!A277,Performance!$A$2:$A$501,0)) -> 2 | Q277: =IF(P277=5,I277*0.15,IF(P277=4,I277*0.1,IF(P277=3,I277*0.07,IF(P277<3,I277*0.05,0)))) -> 3820.45
... A311: E0310 | B311: Sara | C311: Singh | D311: Female | E311: 55 | F311: D05 | G311: Executive | H311: 2022-02-16 | I311: 98004 | J311: Delhi | K311: sara.singh310@example.com | L311: Inactive | M311: =VLOOKUP(F311,Departments!$A$1:$C$6,2,0) -> Marketing | N311: =INDEX(Departments!$B$1:$B$6, MATCH(Employees!F311, Departments!$A$1:$A$6, 0)) -> Marketing | O311: =INDEX(Departments!$B$2:$B$6,MATCH(Employees!F311,Departments!$A$2:$A$6,0)) -> Marketing | P311: =INDEX(Performance!$C$2:$C$501,MATCH(Employees!A311,Performance!$A$2:$A$501,0)) -> 3 | Q311: =IF(P311=5,I311*0.15,IF(P311=4,I311*0.1,IF(P311=3,I311*0.07,IF(P311<3,I311*0.05,0)))) -> 6860.28
A312: E0311 | B312: Sara | C312: Roy | D312: Female | E312: 27 | F312: D02 | G312: Analyst | H312: 2018-08-10 | I312: 86048 | J312: Kolkata | K312: sara.roy311@example.com | L312: Active | M312: =VLOOKUP(F312,Departments!$A$1:$C$6,2,0) -> Finance | N312: =INDEX(Departments!$B$1:$B$6, MATCH(Employees!F312, Departments!$A$1:$A$6, 0)) -> Finance | O312: =INDEX(Departments!$B$2:$B$6,MATCH(Employees!F312,Departments!$A$2:$A$6,0)) -> Finance | P312: =_xlfn.XLOOKUP(A312,Performance!$A$2:$A$501,Performance!$C$2:$C$501) -> 2 | Q312: =IF(P312=5,I312*0.15,IF(P312=4,I312*0.1,IF(P312=3,I312*0.07,IF(P312<3,I312*0.05,0)))) -> 4302.4
...

Sheet Departments
A1: DepartmentID | B1: DepartmentName | C1: Manager | D1: AVERAGE SALARY (Q4)
A2: D01 | B2: HR | C2: Alice | D2: =AVERAGEIF(Employees!$F$2:$F$501,A2,Employees!$I$2:$I$501) -> 79005.776
A3: D02 | B3: Finance | C3: Bob | D3: =AVERAGEIF(Employees!$F$2:$F$501,A3,Employees!$I$2:$I$501) -> 80100.778
A4: D03 | B4: IT | C4: Carol | D4: =AVERAGEIF(Employees!$F$2:$F$501,A4,Employees!$I$2:$I$501) -> 78230.108
A5: D04 | B5: Sales | C5: Dan | D5: =AVERAGEIF(Employees!$F$2:$F$501,A5,Employees!$I$2:$I$501) -> 76510.454
A6: D05 | B6: Marketing | C6: Eva | D6: =AVERAGEIF(Employees!$F$2:$F$501,A6,Employees!$I$2:$I$501) -> 74376.867

Sheet Performance
A1: EmployeeID | B1: ReviewYear | C1: Rating | D1: TrainingHours | E1: ProjectsCompleted
A2: E0001 | B2: 2026 | C2: 1 | D2: 4 | E2: 2
A3: E0002 | B3: 2026 | C3: 4 | D3: 5 | E3: 7
A4: E0003 | B4: 2026 | C4: 2 | D4: 29 | E4: 5
A5: E0004 | B5: 2026 | C5: 4 | D5: 18 | E5: 6
A6: E0005 | B6: 2026 | C6: 2 | D6: 48 | E6: 2
A7: E0006 | B7: 2026 | C7: 3 | D7: 14 | E7: 5
A8: E0007 | B8: 2026 | C8: 2 | D8: 19 | E8: 3
A9: E0008 | B9: 2026 | C9: 1 | D9: 4 | E9: 2
A10: E0009 | B10: 2026 | C10: 4 | D10: 59 | E10: 0
A11: E0010 | B11: 2026 | C11: 5 | D11: 27 | E11: 2
A12: E0011 | B12: 2026 | C12: 3 | D12: 42 | E12: 3
A13: E0012 | B13: 2026 | C13: 2 | D13: 59 | E13: 3
... A501: E0500 | B501: 2026 | C501: 3 | D501: 47 | E501: 8

Sheet Summary
A1: Metric | B1: Value
A2: Q5: Count of Active Employees | B2: =COUNTIF(Employees!$L$2:$L$501,"Active") -> 237
A3: Q8: Analysts based in Kolkata (count) | B3: =COUNTIFS(Employees!$G$2:$G$501,"Analyst",Employees!$J$2:$J$501,"Kolkata") -> 17

Sheet Filter
